dataset,maximum_candidate_cutoff,seed,method,original_nominal_candidates_per_second,actual_candidate_count,latency_s_per_query,corrected_throughput
scifact,20,1,bm25_no_rerank,6641.126355653187,20.0,0.003011537340044015,6641.126355653187
scifact,20,1,fp32_reranker_cpu,64.7929886698259,20.0,0.3086753738420157,64.7929886698259
scifact,20,1,dynamic_int8_reranker_cpu,83.99281676567642,20.0,0.23811560047802777,83.99281676567642
scifact,20,2,bm25_no_rerank,6538.419020893606,20.0,0.00305884342011268,6538.419020893606
scifact,20,2,fp32_reranker_cpu,65.18958652697623,20.0,0.30679746667397195,65.18958652697623
scifact,20,2,dynamic_int8_reranker_cpu,82.52875442204041,20.0,0.24233977769400009,82.52875442204041
scifact,20,3,bm25_no_rerank,6833.567720294463,20.0,0.0029267288799383097,6833.567720294463
scifact,20,3,fp32_reranker_cpu,63.64161917331216,20.0,0.3142597605119845,63.64161917331216
scifact,20,3,dynamic_int8_reranker_cpu,83.03380090533453,20.0,0.2408657652899892,83.03380090533453
scifact,20,4,bm25_no_rerank,6290.621966627156,20.0,0.0031793358599679776,6290.621966627156
scifact,20,4,fp32_reranker_cpu,63.87475902136832,20.0,0.3131127272559934,63.87475902136832
scifact,20,4,dynamic_int8_reranker_cpu,83.29223052427166,20.0,0.24011843450598827,83.29223052427166
scifact,20,5,bm25_no_rerank,6561.450160614793,20.0,0.0030481066700849624,6561.450160614793
scifact,20,5,fp32_reranker_cpu,63.79852595808392,20.0,0.3134868666580187,63.79852595808392
scifact,20,5,dynamic_int8_reranker_cpu,83.40839300076485,20.0,0.23978402269201615,83.40839300076485
scifact,50,1,bm25_no_rerank,15932.349916885767,50.0,0.003138269009959913,15932.349916885767
scifact,50,1,fp32_reranker_cpu,62.980537659903234,50.0,0.7938960488079901,62.980537659903234
scifact,50,1,dynamic_int8_reranker_cpu,79.93458394579007,50.0,0.6255114811620078,79.93458394579007
scifact,50,2,bm25_no_rerank,15978.70322667464,50.0,0.003129165069949522,15978.70322667464
scifact,50,2,fp32_reranker_cpu,61.90647988582438,50.0,0.8076698932359941,61.90647988582438
scifact,50,2,dynamic_int8_reranker_cpu,79.54016970513906,50.0,0.6286131923700122,79.54016970513906
scifact,50,3,bm25_no_rerank,16731.554759470342,50.0,0.0029883654399600348,16731.554759470342
scifact,50,3,fp32_reranker_cpu,62.70024682317797,50.0,0.7974450266680105,62.70024682317797
scifact,50,3,dynamic_int8_reranker_cpu,80.77914598300951,50.0,0.6189716342200081,80.77914598300951
scifact,50,4,bm25_no_rerank,15698.396823742829,50.0,0.003185038610081392,15698.396823742829
scifact,50,4,fp32_reranker_cpu,61.83885833351315,50.0,0.8085530901999664,61.83885833351315
scifact,50,4,dynamic_int8_reranker_cpu,80.89394216542644,50.0,0.6180932547180237,80.89394216542644
scifact,50,5,bm25_no_rerank,16318.3245073804,50.0,0.0030640400598349517,16318.3245073804
scifact,50,5,fp32_reranker_cpu,62.85384901746226,50.0,0.7954962310440024,62.85384901746226
scifact,50,5,dynamic_int8_reranker_cpu,81.7178187624898,50.0,0.611861657068006,81.7178187624898
scifact,100,1,bm25_no_rerank,32357.66422340959,100.0,0.003090457930138655,32357.66422340959
scifact,100,1,fp32_reranker_cpu,53.96809387110439,100.0,1.852946673248025,53.96809387110439
scifact,100,1,dynamic_int8_reranker_cpu,70.12306874331958,100.0,1.426064229533975,70.12306874331958
scifact,100,2,bm25_no_rerank,30976.804333332788,100.0,0.003228221960016526,30976.804333332788
scifact,100,2,fp32_reranker_cpu,50.99920719374969,100.0,1.9608147950240236,50.99920719374969
scifact,100,2,dynamic_int8_reranker_cpu,67.89124708158202,100.0,1.4729439257439807,67.89124708158202
scifact,100,3,bm25_no_rerank,30227.079544020347,100.0,0.0033082918200670972,30227.079544020347
scifact,100,3,fp32_reranker_cpu,54.88320122601886,100.0,1.822051151648062,54.88320122601886
scifact,100,3,dynamic_int8_reranker_cpu,75.54475422241994,100.0,1.32371864902199,75.54475422241994
scifact,100,4,bm25_no_rerank,28513.13062733033,100.0,0.0035071560996584594,28513.13062733033
scifact,100,4,fp32_reranker_cpu,57.51044047093812,100.0,1.738814712270083,57.51044047093812
scifact,100,4,dynamic_int8_reranker_cpu,66.99248238703821,100.0,1.4927047996559704,66.99248238703821
scifact,100,5,bm25_no_rerank,25216.386096130587,100.0,0.0039656753199597,25216.386096130587
scifact,100,5,fp32_reranker_cpu,50.982403269777755,100.0,1.9614610843439733,50.982403269777755
scifact,100,5,dynamic_int8_reranker_cpu,72.46840551603508,100.0,1.3799116910040612,72.46840551603508
nfcorpus,20,1,bm25_no_rerank,33585.564834649624,15.26,0.0005954939301591367,25625.785968837663
nfcorpus,20,1,fp32_reranker_cpu,76.88886273951329,15.26,0.26011569539995255,58.66620227024864
nfcorpus,20,1,dynamic_int8_reranker_cpu,98.88080242394291,15.26,0.20226373077204335,75.44605224946844
nfcorpus,20,2,bm25_no_rerank,32096.93376016079,15.36,0.0006231124801342958,24650.445127803487
nfcorpus,20,2,fp32_reranker_cpu,77.31459602240132,15.36,0.25868336677598563,59.37760974520421
nfcorpus,20,2,dynamic_int8_reranker_cpu,97.70096161808543,15.36,0.204706275852026,75.03433852268961
nfcorpus,20,3,bm25_no_rerank,31577.525544463344,15.12,0.0006333618500866578,23872.609311614287
nfcorpus,20,3,fp32_reranker_cpu,78.44641299181627,15.12,0.25495110913594543,59.30548822181311
nfcorpus,20,3,dynamic_int8_reranker_cpu,99.28667354653862,15.12,0.20143690271409287,75.0607252011832
nfcorpus,20,4,bm25_no_rerank,35719.80568943077,15.51,0.0005599134601652622,27700.709312153558
nfcorpus,20,4,fp32_reranker_cpu,77.40372090647,15.51,0.25838551126200765,60.02658556296748
nfcorpus,20,4,dynamic_int8_reranker_cpu,97.20994746693597,15.51,0.20574026137399778,75.38631426060884
nfcorpus,20,5,bm25_no_rerank,31170.074571602825,15.29,0.0006416410699966946,23829.52200999036
nfcorpus,20,5,fp32_reranker_cpu,77.77587605528211,15.29,0.2571491446240252,59.45965724426317
nfcorpus,20,5,dynamic_int8_reranker_cpu,98.79836871050098,15.29,0.20243249216597906,75.531352879178
nfcorpus,50,1,bm25_no_rerank,82360.52100581262,35.05,0.0006070869803807,57734.725225074646
nfcorpus,50,1,fp32_reranker_cpu,83.5027465128199,35.05,0.598782699828007,58.53542530548675
nfcorpus,50,1,dynamic_int8_reranker_cpu,103.98340685027097,35.05,0.48084594950804604,72.89236820203993
nfcorpus,50,2,bm25_no_rerank,77798.11784841926,36.27,0.0006426890699003706,56434.75468724334
nfcorpus,50,2,fp32_reranker_cpu,80.27385284798743,36.27,0.6228678234079998,58.23065285593009
nfcorpus,50,2,dynamic_int8_reranker_cpu,101.75827543367406,36.27,0.49136052853598083,73.81545299958717
nfcorpus,50,3,bm25_no_rerank,80589.0778129364,34.24,0.0006204314698334202,55187.40048629885
nfcorpus,50,3,fp32_reranker_cpu,86.3591805749804,34.24,0.5789772397919878,59.13876685774658
nfcorpus,50,3,dynamic_int8_reranker_cpu,106.64693057045251,34.24,0.4688367469419973,73.03181805464588
nfcorpus,50,4,bm25_no_rerank,88822.16410265792,36.22,0.0005629225599841448,64342.77567596539
nfcorpus,50,4,fp32_reranker_cpu,81.37163056461456,36.22,0.6144647668120233,58.94560918100679
nfcorpus,50,4,dynamic_int8_reranker_cpu,102.8561396510157,36.22,0.4861158523900158,74.50898756319577
nfcorpus,50,5,bm25_no_rerank,74575.18394890806,35.16,0.0006704643200646387,52441.26935287214
nfcorpus,50,5,fp32_reranker_cpu,84.47049369621993,35.16,0.5919226680480205,59.39965116718185
nfcorpus,50,5,dynamic_int8_reranker_cpu,107.08379888561032,35.16,0.4669240400540075,75.30132737636117
nfcorpus,100,1,bm25_no_rerank,164608.69573830315,65.76,0.0006075013203371782,108246.67831750815
nfcorpus,100,1,fp32_reranker_cpu,90.91898284896592,65.76,1.0998803205499934,59.78832312148
nfcorpus,100,1,dynamic_int8_reranker_cpu,114.87414584249031,65.76,0.8705178982319921,75.54123830602164
nfcorpus,100,2,bm25_no_rerank,156275.51192441533,68.63,0.0006398955202166689,107251.88383372624
nfcorpus,100,2,fp32_reranker_cpu,88.49656528603981,68.63,1.129987358003993,60.735192755809116
nfcorpus,100,2,dynamic_int8_reranker_cpu,110.26301813256819,68.63,0.9069223906039915,75.67350934438154
nfcorpus,100,3,bm25_no_rerank,157941.18736284226,62.75,0.0006331470699296915,99108.09507018352
nfcorpus,100,3,fp32_reranker_cpu,95.74669363341548,62.75,1.0444224881839692,60.08105025496821
nfcorpus,100,3,dynamic_int8_reranker_cpu,120.48237321052997,62.75,0.8299969309640073,75.60268918960756
nfcorpus,100,4,bm25_no_rerank,180304.21005125094,67.77,0.0005546182197940652,122192.16315173276
nfcorpus,100,4,fp32_reranker_cpu,88.92829289279126,67.77,1.1245015140519607,60.26670409344464
nfcorpus,100,4,dynamic_int8_reranker_cpu,110.93334443308028,67.77,0.9014422174959691,75.1795275222985
nfcorpus,100,5,bm25_no_rerank,148834.53115329077,65.79,0.0006718870898112072,97918.23804575001
nfcorpus,100,5,fp32_reranker_cpu,90.24616304498262,65.79,1.108080350741955,59.37295066729407
nfcorpus,100,5,dynamic_int8_reranker_cpu,110.60542333902497,65.79,0.904114798182025,72.76730801474453
fiqa,20,1,bm25_no_rerank,447.28780351268296,20.0,0.04471393997988343,447.28780351268296
fiqa,20,1,fp32_reranker_cpu,60.77420838783084,20.0,0.3290869684779755,60.77420838783084
fiqa,20,1,dynamic_int8_reranker_cpu,81.11468096525643,20.0,0.24656449069394148,81.11468096525643
fiqa,20,2,bm25_no_rerank,452.94993736207846,20.0,0.04415499009995983,452.94993736207846
fiqa,20,2,fp32_reranker_cpu,60.415518804258284,20.0,0.331040772235996,60.415518804258284
fiqa,20,2,dynamic_int8_reranker_cpu,81.41355754470557,20.0,0.2456593300079985,81.41355754470557
fiqa,20,3,bm25_no_rerank,412.4602408280156,20.0,0.048489522189702254,412.4602408280156
fiqa,20,3,fp32_reranker_cpu,62.04015877280871,20.0,0.32237183778397593,62.04015877280871
fiqa,20,3,dynamic_int8_reranker_cpu,79.72482779435786,20.0,0.2508628811540111,79.72482779435786
fiqa,20,4,bm25_no_rerank,433.33588312378055,20.0,0.046153574580130224,433.33588312378055
fiqa,20,4,fp32_reranker_cpu,61.77044861115738,20.0,0.32377941960401224,61.77044861115738
fiqa,20,4,dynamic_int8_reranker_cpu,79.77699295942585,20.0,0.2506988450939971,79.77699295942585
fiqa,20,5,bm25_no_rerank,452.45061252978144,20.0,0.044203719579854805,452.45061252978144
fiqa,20,5,fp32_reranker_cpu,62.89192735079222,20.0,0.3180058370360639,62.89192735079222
fiqa,20,5,dynamic_int8_reranker_cpu,80.65017917083979,20.0,0.2479845699739162,80.65017917083979
fiqa,50,1,bm25_no_rerank,1115.6789688215683,50.0,0.04481575918995077,1115.6789688215683
fiqa,50,1,fp32_reranker_cpu,60.55199169005847,50.0,0.8257366703300213,60.55199169005847
fiqa,50,1,dynamic_int8_reranker_cpu,78.5955350126831,50.0,0.6361684539959097,78.5955350126831
fiqa,50,2,bm25_no_rerank,1099.8514036453337,50.0,0.04546068662937614,1099.8514036453337
fiqa,50,2,fp32_reranker_cpu,62.408953055599284,50.0,0.8011671010641003,62.408953055599284
fiqa,50,2,dynamic_int8_reranker_cpu,77.70865401041512,50.0,0.643428980166078,77.70865401041512
fiqa,50,3,bm25_no_rerank,1037.3023096836762,50.0,0.048201955720360276,1037.3023096836762
fiqa,50,3,fp32_reranker_cpu,62.42909876996668,50.0,0.8009085664400772,62.42909876996668
fiqa,50,3,dynamic_int8_reranker_cpu,77.49307213855992,50.0,0.6452189675820118,77.49307213855992
fiqa,50,4,bm25_no_rerank,1082.9389505334789,50.0,0.04617065438025748,1082.9389505334789
fiqa,50,4,fp32_reranker_cpu,62.37759789259521,50.0,0.8015698213658762,62.37759789259521
fiqa,50,4,dynamic_int8_reranker_cpu,76.68599925951975,50.0,0.6520094995540275,76.68599925951975
fiqa,50,5,bm25_no_rerank,1125.9625965438304,50.0,0.04440644844995404,1125.9625965438304
fiqa,50,5,fp32_reranker_cpu,63.147816764746835,50.0,0.7917930114080082,63.147816764746835
fiqa,50,5,dynamic_int8_reranker_cpu,77.40497769695904,50.0,0.6459532899260084,77.40497769695904
fiqa,100,1,bm25_no_rerank,2227.099190812028,100.0,0.04490145765063062,2227.099190812028
fiqa,100,1,fp32_reranker_cpu,62.34014973476783,100.0,1.604102659769982,62.34014973476783
fiqa,100,1,dynamic_int8_reranker_cpu,76.27549037775887,100.0,1.3110371300760453,76.27549037775887
fiqa,100,2,bm25_no_rerank,2270.7688233749914,100.0,0.04403794828016544,2270.7688233749914
fiqa,100,2,fp32_reranker_cpu,62.4358226037189,100.0,1.6016446301140532,62.4358226037189
fiqa,100,2,dynamic_int8_reranker_cpu,76.61296336517647,100.0,1.3052621332939307,76.61296336517647
fiqa,100,3,bm25_no_rerank,2087.6029170937704,100.0,0.04790182997981901,2087.6029170937704
fiqa,100,3,fp32_reranker_cpu,61.235183200712406,100.0,1.6330481068739027,61.235183200712406
fiqa,100,3,dynamic_int8_reranker_cpu,77.8359241523401,100.0,1.2847538085920387,77.8359241523401
fiqa,100,4,bm25_no_rerank,2173.083022615292,100.0,0.046017569949835885,2173.083022615292
fiqa,100,4,fp32_reranker_cpu,63.68417160278734,100.0,1.5702488936139853,63.68417160278734
fiqa,100,4,dynamic_int8_reranker_cpu,78.03966972045517,100.0,1.2813995799598925,78.03966972045517
fiqa,100,5,bm25_no_rerank,2285.278509983519,100.0,0.04375834261038108,2285.278509983519
fiqa,100,5,fp32_reranker_cpu,61.78226964141683,100.0,1.6185873484479962,61.78226964141683
fiqa,100,5,dynamic_int8_reranker_cpu,75.55070456082237,100.0,1.3236143935559812,75.55070456082237
arguana,20,1,bm25_no_rerank,315.0411143910061,20.0,0.06348377747031918,315.0411143910061
arguana,20,1,fp32_reranker_cpu,61.02075088647895,20.0,0.32775735646398974,61.02075088647895
arguana,20,1,dynamic_int8_reranker_cpu,81.10522371838532,20.0,0.24659324126204593,81.10522371838532
arguana,20,2,bm25_no_rerank,291.9825425356884,20.0,0.06849724585008517,291.9825425356884
arguana,20,2,fp32_reranker_cpu,60.894042555535094,20.0,0.32843935401004276,60.894042555535094
arguana,20,2,dynamic_int8_reranker_cpu,81.09290680004797,20.0,0.2466306954480533,81.09290680004797
arguana,20,3,bm25_no_rerank,314.4340877092716,20.0,0.063606335259974,314.4340877092716
arguana,20,3,fp32_reranker_cpu,61.541814937175666,20.0,0.3249822908280621,61.541814937175666
arguana,20,3,dynamic_int8_reranker_cpu,81.25502139664366,20.0,0.24613863434200176,81.25502139664366
arguana,20,4,bm25_no_rerank,295.3930133879724,20.0,0.06770640839000407,295.3930133879724
arguana,20,4,fp32_reranker_cpu,61.18145612800529,20.0,0.32689643669407814,61.18145612800529
arguana,20,4,dynamic_int8_reranker_cpu,80.86962666129158,20.0,0.24731164005203754,80.86962666129158
arguana,20,5,bm25_no_rerank,295.97726047851836,20.0,0.06757275868985743,295.97726047851836
arguana,20,5,fp32_reranker_cpu,60.87125962406346,20.0,0.3285622824879683,60.87125962406346
arguana,20,5,dynamic_int8_reranker_cpu,81.34121048080738,20.0,0.2458778260340623,81.34121048080738
arguana,50,1,bm25_no_rerank,789.7548726960024,50.0,0.06331078379967948,789.7548726960024
arguana,50,1,fp32_reranker_cpu,61.09661551569818,50.0,0.8183759374879446,61.09661551569818
arguana,50,1,dynamic_int8_reranker_cpu,81.6098307991666,50.0,0.6126712861719424,81.6098307991666
arguana,50,2,bm25_no_rerank,721.258111819959,50.0,0.06932331044961756,721.258111819959
arguana,50,2,fp32_reranker_cpu,61.46965312732409,50.0,0.8134095030019671,61.46965312732409
arguana,50,2,dynamic_int8_reranker_cpu,81.71176377426104,50.0,0.6119069971140416,81.71176377426104
arguana,50,3,bm25_no_rerank,784.1403093217338,50.0,0.0637640986002225,784.1403093217338
arguana,50,3,fp32_reranker_cpu,61.661713870129525,50.0,0.8108759368140309,61.661713870129525
arguana,50,3,dynamic_int8_reranker_cpu,82.08806077727192,50.0,0.609101975690035,82.08806077727192
arguana,50,4,bm25_no_rerank,732.210934180442,50.0,0.0682863334401918,732.210934180442
arguana,50,4,fp32_reranker_cpu,61.3366338428875,50.0,0.8151735246520693,61.3366338428875
arguana,50,4,dynamic_int8_reranker_cpu,81.40102717758,50.0,0.6142428631879884,81.40102717758
arguana,50,5,bm25_no_rerank,749.1827843020138,50.0,0.06673938729996735,749.1827843020138
arguana,50,5,fp32_reranker_cpu,61.309812411807144,50.0,0.8155301416379953,61.309812411807144
arguana,50,5,dynamic_int8_reranker_cpu,81.62338343594384,50.0,0.6125695590558171,81.62338343594384
arguana,100,1,bm25_no_rerank,1559.7778430431235,100.0,0.06411169414030155,1559.7778430431235
arguana,100,1,fp32_reranker_cpu,61.56349107629324,100.0,1.6243393324799253,61.56349107629324
arguana,100,1,dynamic_int8_reranker_cpu,82.07329104413401,100.0,1.2184231767460878,82.07329104413401
arguana,100,2,bm25_no_rerank,1460.7869889623344,100.0,0.06845625047018984,1460.7869889623344
arguana,100,2,fp32_reranker_cpu,61.88307558417299,100.0,1.6159507111759595,61.88307558417299
arguana,100,2,dynamic_int8_reranker_cpu,82.46554676061507,100.0,1.2126276236339617,82.46554676061507
arguana,100,3,bm25_no_rerank,1567.6095220729378,100.0,0.06379139613018196,1567.6095220729378
arguana,100,3,fp32_reranker_cpu,61.843992679109526,100.0,1.616971926745915,61.843992679109526
arguana,100,3,dynamic_int8_reranker_cpu,82.11524193050535,100.0,1.2178007109158935,82.11524193050535
arguana,100,4,bm25_no_rerank,1460.3445739843826,100.0,0.06847698945952288,1460.3445739843826
arguana,100,4,fp32_reranker_cpu,61.60570154218513,100.0,1.6232263815959305,61.60570154218513
arguana,100,4,dynamic_int8_reranker_cpu,81.72611371003251,100.0,1.2235991100078973,81.72611371003251
arguana,100,5,bm25_no_rerank,1474.0695020995377,100.0,0.06783940638997592,1474.0695020995377
arguana,100,5,fp32_reranker_cpu,62.02635988603391,100.0,1.6122177761799685,62.02635988603391
arguana,100,5,dynamic_int8_reranker_cpu,82.25106822716663,100.0,1.2157896809779194,82.25106822716663
