candidates_per_second,dataset,depth,latency_s_per_query,method,model_size_mb,mrr@10,n_queries,ndcg@10,qrels_split,query_cap,recall@100,seed,timing_repeats
6339.648490503494,scifact,20,0.0031547490416793758,bm25_no_rerank,0.0,0.6777777777777777,24,0.7033445543070561,test,24,0.8645833333333334,1,5
61.07986126989336,scifact,20,0.32744016741665594,fp32_reranker_cpu,86.68552494049072,0.6716269841269842,24,0.7008037316868432,test,24,0.8645833333333334,1,5
79.47681048031352,scifact,20,0.25164573010833163,dynamic_int8_reranker_cpu,55.916077613830566,0.6708333333333334,24,0.6999122878018117,test,24,0.8645833333333334,1,5
5978.2909573185325,scifact,20,0.0033454377083330655,bm25_no_rerank,0.0,0.8020833333333334,24,0.7860453264578801,test,24,0.8708333333333332,2,5
61.32681962388684,scifact,20,0.3261215912166752,fp32_reranker_cpu,86.68552494049072,0.7802579365079364,24,0.7868995610391881,test,24,0.8708333333333332,2,5
79.39418410201218,scifact,20,0.251907620516666,dynamic_int8_reranker_cpu,55.916077613830566,0.7819444444444444,24,0.7851136035399939,test,24,0.8708333333333332,2,5
6631.06521404151,scifact,20,0.0030161066667915293,bm25_no_rerank,0.0,0.8097222222222222,24,0.7847372398016009,test,24,0.8777777777777778,3,5
61.38300422314128,scifact,20,0.3258230882166572,fp32_reranker_cpu,86.68552494049072,0.7767857142857143,24,0.7744278527182992,test,24,0.8777777777777778,3,5
80.57424734290828,scifact,20,0.24821826650001336,dynamic_int8_reranker_cpu,55.916077613830566,0.7569444444444443,24,0.7571730899038961,test,24,0.8777777777777778,3,5
6003.983643207174,scifact,20,0.0033311216666334076,bm25_no_rerank,0.0,0.46331018518518513,24,0.5151212540854163,test,24,0.7291666666666666,4,5
61.57971813854057,scifact,20,0.32478225955832535,fp32_reranker_cpu,86.68552494049072,0.5750000000000001,24,0.6007938249917316,test,24,0.7291666666666666,4,5
79.48479769039764,scifact,20,0.25162044291667296,dynamic_int8_reranker_cpu,55.916077613830566,0.5650462962962962,24,0.5929484905687328,test,24,0.7291666666666666,4,5
5714.433745354941,scifact,20,0.003499909333318859,bm25_no_rerank,0.0,0.75,24,0.7601694766611818,test,24,0.9333333333333332,5,5
61.28986977479574,scifact,20,0.3263182002749924,fp32_reranker_cpu,86.68552494049072,0.7733134920634921,24,0.7948795334670199,test,24,0.9333333333333332,5,5
79.95286163170039,scifact,20,0.25014739424999183,dynamic_int8_reranker_cpu,55.916077613830566,0.7705357142857142,24,0.7925969890990974,test,24,0.9333333333333332,5,5
15710.183355181434,scifact,50,0.003182649041680937,bm25_no_rerank,0.0,0.6777777777777777,24,0.7033445543070561,test,24,0.8645833333333334,1,5
61.76182600742478,scifact,50,0.8095615565833365,fp32_reranker_cpu,86.68552494049072,0.6698412698412698,24,0.6989592105611996,test,24,0.8645833333333334,1,5
78.99940855901205,scifact,50,0.6329161307916669,dynamic_int8_reranker_cpu,55.916077613830566,0.6680555555555555,24,0.6971146894355561,test,24,0.8645833333333334,1,5
14952.05380949414,scifact,50,0.0033440222083906215,bm25_no_rerank,0.0,0.8020833333333334,24,0.7860453264578801,test,24,0.8875000000000001,2,5
61.85089616845313,scifact,50,0.8083957241916626,fp32_reranker_cpu,86.68552494049072,0.7698412698412698,24,0.773208762582918,test,24,0.8875000000000001,2,5
79.68153933834799,scifact,50,0.6274979175250034,dynamic_int8_reranker_cpu,55.916077613830566,0.7722222222222221,24,0.7848739405446882,test,24,0.8875000000000001,2,5
16882.187960501546,scifact,50,0.002961701416722917,bm25_no_rerank,0.0,0.8097222222222222,24,0.7847372398016009,test,24,0.9777777777777779,3,5
61.05259723259858,scifact,50,0.818965977966665,fp32_reranker_cpu,86.68552494049072,0.74375,24,0.7622600533343399,test,24,0.9777777777777779,3,5
79.43347000459148,scifact,50,0.6294575825166627,dynamic_int8_reranker_cpu,55.916077613830566,0.7229166666666668,24,0.7483474577239854,test,24,0.9777777777777779,3,5
15463.073632363026,scifact,50,0.0032335097916984523,bm25_no_rerank,0.0,0.46331018518518513,24,0.5151212540854163,test,24,0.75,4,5
61.389795952449994,scifact,50,0.8144676036833213,fp32_reranker_cpu,86.68552494049072,0.5708333333333333,24,0.5961344275111549,test,24,0.75,4,5
80.54071192733215,scifact,50,0.6208040480833158,dynamic_int8_reranker_cpu,55.916077613830566,0.5604166666666667,24,0.5877905443654022,test,24,0.75,4,5
14914.555629770652,scifact,50,0.003352429749914639,bm25_no_rerank,0.0,0.75,24,0.7601694766611818,test,24,0.9916666666666667,5,5
61.57180765867685,scifact,50,0.8120599654500135,fp32_reranker_cpu,86.68552494049072,0.7723214285714285,24,0.7977240146077286,test,24,0.9916666666666667,5,5
80.44757445576414,scifact,50,0.6215227785083016,dynamic_int8_reranker_cpu,55.916077613830566,0.7697916666666668,24,0.7999452729022621,test,24,0.9916666666666667,5,5
28527.0340544221,scifact,100,0.003505446791602177,bm25_no_rerank,0.0,0.6777777777777777,24,0.7033445543070561,test,24,0.875,1,5
61.94418226774758,scifact,100,1.614356608466634,fp32_reranker_cpu,86.68552494049072,0.6622023809523809,24,0.6919244883586003,test,24,0.875,1,5
80.86859324017004,scifact,100,1.2365740022583547,dynamic_int8_reranker_cpu,55.916077613830566,0.6604166666666667,24,0.6900799672329567,test,24,0.875,1,5
29833.746970582728,scifact,100,0.003351908833262011,bm25_no_rerank,0.0,0.8020833333333334,24,0.7860453264578801,test,24,0.8875000000000001,2,5
61.5523606059874,scifact,100,1.6246330606250163,fp32_reranker_cpu,86.68552494049072,0.7698412698412698,24,0.7689547044527968,test,24,0.8875000000000001,2,5
79.84710929488764,scifact,100,1.252393491550015,dynamic_int8_reranker_cpu,55.916077613830566,0.7680555555555554,24,0.7681190143748647,test,24,0.8875000000000001,2,5
33411.77396877619,scifact,100,0.0029929569167279624,bm25_no_rerank,0.0,0.8097222222222222,24,0.7847372398016009,test,24,0.9777777777777779,3,5
62.62198086860506,scifact,100,1.5968833724666487,fp32_reranker_cpu,86.68552494049072,0.7395833333333334,24,0.7453624050421751,test,24,0.9777777777777779,3,5
81.40060422806908,scifact,100,1.228492109466644,dynamic_int8_reranker_cpu,55.916077613830566,0.71875,24,0.7315925315541622,test,24,0.9777777777777779,3,5
30193.99072874226,scifact,100,0.0033119172917016235,bm25_no_rerank,0.0,0.46331018518518513,24,0.5151212540854163,test,24,0.75,4,5
61.95658767031699,scifact,100,1.614033370141677,fp32_reranker_cpu,86.68552494049072,0.5708333333333333,24,0.5887494572284863,test,24,0.75,4,5
81.36508963019708,scifact,100,1.2290283271916527,dynamic_int8_reranker_cpu,55.916077613830566,0.5604166666666667,24,0.5804055740827335,test,24,0.75,4,5
28719.513907501394,scifact,100,0.0034819530832616388,bm25_no_rerank,0.0,0.75,24,0.7601694766611818,test,24,0.9916666666666667,5,5
62.82004584687082,scifact,100,1.5918485676333072,fp32_reranker_cpu,86.68552494049072,0.7723214285714285,24,0.7934699564776073,test,24,0.9916666666666667,5,5
81.92415136504161,scifact,100,1.2206412679749974,dynamic_int8_reranker_cpu,55.916077613830566,0.7697916666666668,24,0.7952347144956841,test,24,0.9916666666666667,5,5
33690.18492324724,nfcorpus,20,0.0005936447082603991,bm25_no_rerank,0.0,0.42083333333333334,24,0.317212891238362,test,24,0.15198542674430135,1,5
74.25539401665856,nfcorpus,20,0.2693407026500078,fp32_reranker_cpu,86.68552494049072,0.5597222222222221,24,0.35445252060986004,test,24,0.15198542674430135,1,5
95.93516840617866,nfcorpus,20,0.20847412197498064,dynamic_int8_reranker_cpu,55.916077613830566,0.548611111111111,24,0.34507483736429484,test,24,0.15198542674430135,1,5
30067.262349734225,nfcorpus,20,0.0006651752915634764,bm25_no_rerank,0.0,0.5913690476190475,24,0.35933653699087936,test,24,0.13496579603820144,2,5
69.60404559051139,nfcorpus,20,0.28733961985000556,fp32_reranker_cpu,86.68552494049072,0.6319444444444445,24,0.3766810607425224,test,24,0.13496579603820144,2,5
89.92323493528791,nfcorpus,20,0.22241192739999557,dynamic_int8_reranker_cpu,55.916077613830566,0.6333333333333333,24,0.38110984726354774,test,24,0.13496579603820144,2,5
69397.43649488989,nfcorpus,20,0.0002881950834231854,bm25_no_rerank,0.0,0.43310185185185185,24,0.26658757596945765,test,24,0.20962119423436879,3,5
106.27078523553821,nfcorpus,20,0.18819847765001516,fp32_reranker_cpu,86.68552494049072,0.4811342592592593,24,0.28137124040392797,test,24,0.20962119423436879,3,5
139.64588534484673,nfcorpus,20,0.14321940063333236,dynamic_int8_reranker_cpu,55.916077613830566,0.4737268518518518,24,0.2802927931054329,test,24,0.20962119423436879,3,5
36326.52826069185,nfcorpus,20,0.0005505618333927487,bm25_no_rerank,0.0,0.390625,24,0.19490634044292388,test,24,0.10619597477869831,4,5
74.49194529745678,nfcorpus,20,0.268485403625012,fp32_reranker_cpu,86.68552494049072,0.41220238095238093,24,0.2511035390441154,test,24,0.10619597477869831,4,5
98.18747997227456,nfcorpus,20,0.20369195752500674,dynamic_int8_reranker_cpu,55.916077613830566,0.4135912698412698,24,0.2458079339389421,test,24,0.10619597477869831,4,5
33025.70348735942,nfcorpus,20,0.0006055889167555506,bm25_no_rerank,0.0,0.6055555555555555,24,0.44084310302552904,test,24,0.27925420817366636,5,5
70.89359161233742,nfcorpus,20,0.2821129462499888,fp32_reranker_cpu,86.68552494049072,0.7291666666666666,24,0.4708583789072645,test,24,0.27925420817366636,5,5
93.11167642306475,nfcorpus,20,0.21479583193333837,dynamic_int8_reranker_cpu,55.916077613830566,0.7291666666666666,24,0.46964513367895805,test,24,0.27925420817366636,5,5
91616.51615461522,nfcorpus,50,0.0005457531250764683,bm25_no_rerank,0.0,0.42083333333333334,24,0.317212891238362,test,24,0.17412538840259736,1,5
78.10406334952272,nfcorpus,50,0.6401715590166608,fp32_reranker_cpu,86.68552494049072,0.5555555555555555,24,0.3382519885737496,test,24,0.17412538840259736,1,5
99.88257070850779,nfcorpus,50,0.5005878367499917,dynamic_int8_reranker_cpu,55.916077613830566,0.5545634920634921,24,0.338024124287757,test,24,0.17412538840259736,1,5
69252.4052917576,nfcorpus,50,0.0007219965832139982,bm25_no_rerank,0.0,0.5913690476190475,24,0.35933653699087936,test,24,0.17607793517133727,2,5
72.82523882746023,nfcorpus,50,0.6865751599999764,fp32_reranker_cpu,86.68552494049072,0.6517857142857143,24,0.3815405029802937,test,24,0.17607793517133727,2,5
94.4651016177763,nfcorpus,50,0.5292959954916417,dynamic_int8_reranker_cpu,55.916077613830566,0.6527777777777778,24,0.3858599945108485,test,24,0.17607793517133727,2,5
173923.0251257457,nfcorpus,50,0.00028748350003600837,bm25_no_rerank,0.0,0.43310185185185185,24,0.26658757596945765,test,24,0.24836093550575558,3,5
120.95869891682342,nfcorpus,50,0.4133642346333621,fp32_reranker_cpu,86.68552494049072,0.4760416666666667,24,0.2871918920669384,test,24,0.24836093550575558,3,5
156.38079462828836,nfcorpus,50,0.31973235664167227,dynamic_int8_reranker_cpu,55.916077613830566,0.4685185185185185,24,0.2813300701767929,test,24,0.24836093550575558,3,5
80887.92291742317,nfcorpus,50,0.0006181392499229332,bm25_no_rerank,0.0,0.390625,24,0.19490634044292388,test,24,0.12589779703688303,4,5
75.1613685956681,nfcorpus,50,0.6652353587249838,fp32_reranker_cpu,86.68552494049072,0.3821097883597883,24,0.23655416185218947,test,24,0.12589779703688303,4,5
96.96641332258167,nfcorpus,50,0.5156424610000082,dynamic_int8_reranker_cpu,55.916077613830566,0.3913194444444445,24,0.2454789361469267,test,24,0.12589779703688303,4,5
83653.87291957911,nfcorpus,50,0.0005977009581859724,bm25_no_rerank,0.0,0.6055555555555555,24,0.44084310302552904,test,24,0.3216132299785632,5,5
77.14966371789835,nfcorpus,50,0.6480909648916622,fp32_reranker_cpu,86.68552494049072,0.75,24,0.48730457453462406,test,24,0.3216132299785632,5,5
101.67012783237244,nfcorpus,50,0.4917865361833416,dynamic_int8_reranker_cpu,55.916077613830566,0.75,24,0.4895906317996311,test,24,0.3216132299785632,5,5
182152.07211496343,nfcorpus,100,0.000548991833246267,bm25_no_rerank,0.0,0.42083333333333334,24,0.317212891238362,test,24,0.1892855811267066,1,5
86.64812250457766,nfcorpus,100,1.1540930964166818,fp32_reranker_cpu,86.68552494049072,0.5347222222222222,24,0.33841556991545474,test,24,0.1892855811267066,1,5
111.55502213775537,nfcorpus,100,0.896418628974978,dynamic_int8_reranker_cpu,55.916077613830566,0.5545634920634921,24,0.3440139674630869,test,24,0.1892855811267066,1,5
151573.2928722284,nfcorpus,100,0.0006597468333969422,bm25_no_rerank,0.0,0.5913690476190475,24,0.35933653699087936,test,24,0.2097725565761199,2,5
77.5795751548725,nfcorpus,100,1.288999067091686,fp32_reranker_cpu,86.68552494049072,0.6666666666666666,24,0.3856163202188743,test,24,0.2097725565761199,2,5
100.74554712885357,nfcorpus,100,0.9925997014250166,dynamic_int8_reranker_cpu,55.916077613830566,0.6944444444444445,24,0.39365290580216405,test,24,0.2097725565761199,2,5
338793.4605706539,nfcorpus,100,0.00029516508326802676,bm25_no_rerank,0.0,0.43310185185185185,24,0.26658757596945765,test,24,0.2660014569041884,3,5
127.41562931752244,nfcorpus,100,0.784833073741667,fp32_reranker_cpu,86.68552494049072,0.46435185185185185,24,0.28348159092521635,test,24,0.2660014569041884,3,5
166.02326898841292,nfcorpus,100,0.6023252078416742,dynamic_int8_reranker_cpu,55.916077613830566,0.46041666666666664,24,0.27924447635514943,test,24,0.2660014569041884,3,5
185644.48337735137,nfcorpus,100,0.0005386640000324405,bm25_no_rerank,0.0,0.390625,24,0.19490634044292388,test,24,0.17781453542553294,4,5
76.31853941774071,nfcorpus,100,1.3102976126499926,fp32_reranker_cpu,86.68552494049072,0.41550925925925924,24,0.2517360581232358,test,24,0.17781453542553294,4,5
99.69066131763147,nfcorpus,100,1.0031029855583256,dynamic_int8_reranker_cpu,55.916077613830566,0.42534722222222215,24,0.2566384833592778,test,24,0.17781453542553294,4,5
168358.31697978382,nfcorpus,100,0.0005939712500927877,bm25_no_rerank,0.0,0.6055555555555555,24,0.44084310302552904,test,24,0.33841788663934547,5,5
82.06829251938697,nfcorpus,100,1.218497387116675,fp32_reranker_cpu,86.68552494049072,0.7708333333333334,24,0.49307972943948064,test,24,0.33841788663934547,5,5
106.23717503450878,nfcorpus,100,0.9412900895333223,dynamic_int8_reranker_cpu,55.916077613830566,0.7916666666666666,24,0.5027048842618729,test,24,0.33841788663934547,5,5
462.35738716640145,fiqa,20,0.04325658149980427,bm25_no_rerank,0.0,0.3444444444444444,24,0.23360508596945204,test,24,0.3287337662337662,1,5
63.135017701704726,fiqa,20,0.31678141114166464,fp32_reranker_cpu,86.68552494049072,0.4354166666666666,24,0.32399309254986547,test,24,0.3287337662337662,1,5
82.92266910794326,fiqa,20,0.2411885702082903,dynamic_int8_reranker_cpu,55.916077613830566,0.430952380952381,24,0.32041541657458783,test,24,0.3287337662337662,1,5
465.9103840406291,fiqa,20,0.04292671012512983,bm25_no_rerank,0.0,0.3684523809523809,24,0.3074995523570639,test,24,0.44583333333333336,2,5
65.08079227621693,fiqa,20,0.3073103338250045,fp32_reranker_cpu,86.68552494049072,0.4791666666666667,24,0.3997160755330091,test,24,0.44583333333333336,2,5
85.34898151147588,fiqa,20,0.23433202887501162,dynamic_int8_reranker_cpu,55.916077613830566,0.4664351851851852,24,0.39846770950074245,test,24,0.44583333333333336,2,5
459.3822115449199,fiqa,20,0.04353673150020162,bm25_no_rerank,0.0,0.23627645502645503,24,0.1920751306020496,test,24,0.341765873015873,3,5
64.26034880167438,fiqa,20,0.31123391598333305,fp32_reranker_cpu,86.68552494049072,0.33125,24,0.2540926361756147,test,24,0.341765873015873,3,5
82.40390041296456,fiqa,20,0.24270695804167797,dynamic_int8_reranker_cpu,55.916077613830566,0.3138888888888889,24,0.24671528391890385,test,24,0.341765873015873,3,5
467.0230731850457,fiqa,20,0.042824436624944916,bm25_no_rerank,0.0,0.24247685185185183,24,0.19639078270470023,test,24,0.33194444444444443,4,5
68.51115030818856,fiqa,20,0.29192328416662955,fp32_reranker_cpu,86.68552494049072,0.3136574074074074,24,0.2575133666822022,test,24,0.33194444444444443,4,5
84.86742366085836,fiqa,20,0.23566168427502512,dynamic_int8_reranker_cpu,55.916077613830566,0.29236111111111107,24,0.24998364009966847,test,24,0.33194444444444443,4,5
479.43129763409223,fiqa,20,0.041716091750155705,bm25_no_rerank,0.0,0.2829861111111111,24,0.2161380377902736,test,24,0.3055555555555555,5,5
67.77131269298803,fiqa,20,0.2951101167333491,fp32_reranker_cpu,86.68552494049072,0.3055555555555555,24,0.2534420559894105,test,24,0.3055555555555555,5,5
85.73856302014731,fiqa,20,0.2332672638250339,dynamic_int8_reranker_cpu,55.916077613830566,0.2986111111111111,24,0.24798664959059977,test,24,0.3055555555555555,5,5
1119.5423398973726,fiqa,50,0.04466110679171228,bm25_no_rerank,0.0,0.3444444444444444,24,0.23360508596945204,test,24,0.43569624819624814,1,5
63.14817571279192,fiqa,50,0.7917885106833182,fp32_reranker_cpu,86.68552494049072,0.44761904761904764,24,0.33620444372533886,test,24,0.43569624819624814,1,5
83.31450138282193,fiqa,50,0.600135620691708,dynamic_int8_reranker_cpu,55.916077613830566,0.44166666666666665,24,0.3236456800053264,test,24,0.43569624819624814,1,5
1200.2582439615799,fiqa,50,0.04165770179171583,bm25_no_rerank,0.0,0.3684523809523809,24,0.3074995523570639,test,24,0.5513888888888889,2,5
67.39636269279465,fiqa,50,0.7418797988833528,fp32_reranker_cpu,86.68552494049072,0.49652777777777773,24,0.42290192480826266,test,24,0.5513888888888889,2,5
82.91573258427648,fiqa,50,0.6030218686083421,dynamic_int8_reranker_cpu,55.916077613830566,0.46319444444444446,24,0.4064729008190495,test,24,0.5513888888888889,2,5
1164.2087400157905,fiqa,50,0.04294762466679458,bm25_no_rerank,0.0,0.23627645502645503,24,0.1920751306020496,test,24,0.45535714285714285,3,5
67.60601156540255,fiqa,50,0.7395792007583472,fp32_reranker_cpu,86.68552494049072,0.3802083333333333,24,0.3167924603521865,test,24,0.45535714285714285,3,5
82.21218619737164,fiqa,50,0.608182342699926,dynamic_int8_reranker_cpu,55.916077613830566,0.3591931216931217,24,0.30620115069349024,test,24,0.45535714285714285,3,5
1150.736632208049,fiqa,50,0.043450428708486775,bm25_no_rerank,0.0,0.24247685185185183,24,0.19639078270470023,test,24,0.38518518518518513,4,5
67.3380612900923,fiqa,50,0.742522119616721,fp32_reranker_cpu,86.68552494049072,0.3344907407407407,24,0.27514365180202,test,24,0.38518518518518513,4,5
82.25312677568196,fiqa,50,0.6078796267083969,dynamic_int8_reranker_cpu,55.916077613830566,0.30034722222222215,24,0.26356905514324236,test,24,0.38518518518518513,4,5
1184.3219449047317,fiqa,50,0.04221825004181786,bm25_no_rerank,0.0,0.2829861111111111,24,0.2161380377902736,test,24,0.4305555555555555,5,5
67.47756508320259,fiqa,50,0.7409870219583051,fp32_reranker_cpu,86.68552494049072,0.3740079365079365,24,0.3057119109207905,test,24,0.4305555555555555,5,5
82.19329974959315,fiqa,50,0.6083220913666688,dynamic_int8_reranker_cpu,55.916077613830566,0.33796296296296297,24,0.2888017279152844,test,24,0.4305555555555555,5,5
2282.6332873084957,fiqa,100,0.04380905183325012,bm25_no_rerank,0.0,0.3444444444444444,24,0.23360508596945204,test,24,0.4880952380952381,1,5
62.23568430032991,fiqa,100,1.6067952192416064,fp32_reranker_cpu,86.68552494049072,0.44166666666666665,24,0.3175977209517034,test,24,0.4880952380952381,1,5
78.96319391631684,fiqa,100,1.2664128062750024,dynamic_int8_reranker_cpu,55.916077613830566,0.43750000000000006,24,0.31407402072773116,test,24,0.4880952380952381,1,5
2322.8967771669977,fiqa,100,0.04304969595849192,bm25_no_rerank,0.0,0.3684523809523809,24,0.3074995523570639,test,24,0.6291666666666668,2,5
61.33048450678778,fiqa,100,1.6305105169833192,fp32_reranker_cpu,86.68552494049072,0.5142857142857143,24,0.44939612014344554,test,24,0.6291666666666668,2,5
78.18065661603195,fiqa,100,1.2790887711666226,dynamic_int8_reranker_cpu,55.916077613830566,0.4781250000000001,24,0.4317404462346664,test,24,0.6291666666666668,2,5
2263.8881999489927,fiqa,100,0.04417179258333211,bm25_no_rerank,0.0,0.23627645502645503,24,0.1920751306020496,test,24,0.5307539682539683,3,5
61.4207876021652,fiqa,100,1.6281132806000491,fp32_reranker_cpu,86.68552494049072,0.37192460317460324,24,0.3174516358557899,test,24,0.5307539682539683,3,5
79.04586646377979,fiqa,100,1.2650882895416393,dynamic_int8_reranker_cpu,55.916077613830566,0.3528273809523809,24,0.30398289212235674,test,24,0.5307539682539683,3,5
2249.233161212652,fiqa,100,0.04445959704154726,bm25_no_rerank,0.0,0.24247685185185183,24,0.19639078270470023,test,24,0.450462962962963,4,5
61.805442455623414,fiqa,100,1.6179804888833285,fp32_reranker_cpu,86.68552494049072,0.3191468253968254,24,0.28475565515922885,test,24,0.450462962962963,4,5
78.9207488600457,fiqa,100,1.2670939067916758,dynamic_int8_reranker_cpu,55.916077613830566,0.2916666666666667,24,0.2762273111179408,test,24,0.450462962962963,4,5
2374.8189375110674,fiqa,100,0.04210847337473448,bm25_no_rerank,0.0,0.2829861111111111,24,0.2161380377902736,test,24,0.4618055555555555,5,5
61.22549254609883,fiqa,100,1.6333065826249822,fp32_reranker_cpu,86.68552494049072,0.3449074074074074,24,0.2942571343140951,test,24,0.4618055555555555,5,5
77.81341808623527,fiqa,100,1.285125399441737,dynamic_int8_reranker_cpu,55.916077613830566,0.325,24,0.27628572812472074,test,24,0.4618055555555555,5,5
353.09762754049103,arguana,20,0.05664155870802764,bm25_no_rerank,0.0,0.20520833333333333,24,0.3074532495719987,test,24,0.8333333333333334,1,5
65.78288236382112,arguana,20,0.3040304602250065,fp32_reranker_cpu,86.68552494049072,0.259292328042328,24,0.38690707132840546,test,24,0.8333333333333334,1,5
85.66649350654274,arguana,20,0.2334635069249392,dynamic_int8_reranker_cpu,55.916077613830566,0.25183531746031745,24,0.3815017530270673,test,24,0.8333333333333334,1,5
286.3899378789279,arguana,20,0.06983485574990785,bm25_no_rerank,0.0,0.27926587301587297,24,0.3958745183508226,test,24,0.8333333333333334,2,5
63.73287760526557,arguana,20,0.31380977529167164,fp32_reranker_cpu,86.68552494049072,0.22731481481481483,24,0.3433440644428077,test,24,0.8333333333333334,2,5
83.45205165698947,arguana,20,0.23965857762497458,dynamic_int8_reranker_cpu,55.916077613830566,0.2199074074074074,24,0.34573399246699577,test,24,0.8333333333333334,2,5
340.9181540528789,arguana,20,0.058665107041785326,bm25_no_rerank,0.0,0.29588293650793646,24,0.399542729141879,test,24,0.8333333333333334,3,5
64.18775015169209,arguana,20,0.31158593271667695,fp32_reranker_cpu,86.68552494049072,0.24165013227513224,24,0.3718676402797633,test,24,0.8333333333333334,3,5
83.93581208369842,arguana,20,0.23827731576667854,dynamic_int8_reranker_cpu,55.916077613830566,0.22220568783068786,24,0.33771303834457966,test,24,0.8333333333333334,3,5
346.8832514929456,arguana,20,0.05765628612486277,bm25_no_rerank,0.0,0.25393518518518526,24,0.3826282529061265,test,24,0.875,4,5
64.2064324998856,arguana,20,0.3114952695749859,fp32_reranker_cpu,86.68552494049072,0.2563492063492064,24,0.38463272397674114,test,24,0.875,4,5
85.35957850682222,arguana,20,0.2343029376416325,dynamic_int8_reranker_cpu,55.916077613830566,0.26512896825396826,24,0.39124735137704797,test,24,0.875,4,5
333.45747677307924,arguana,20,0.05997766250000799,bm25_no_rerank,0.0,0.2910714285714286,24,0.4143459012608488,test,24,0.9583333333333334,5,5
64.10059559451219,arguana,20,0.3120095814166234,fp32_reranker_cpu,86.68552494049072,0.3001984126984128,24,0.4394270535455875,test,24,0.9583333333333334,5,5
84.17736957059023,arguana,20,0.2375935492166718,dynamic_int8_reranker_cpu,55.916077613830566,0.3004960317460318,24,0.4401882795322966,test,24,0.9583333333333334,5,5
866.6408170808593,arguana,50,0.05769402850008495,bm25_no_rerank,0.0,0.20520833333333333,24,0.3074532495719987,test,24,0.9166666666666666,1,5
64.46812673264886,arguana,50,0.7755770569750136,fp32_reranker_cpu,86.68552494049072,0.24895833333333328,24,0.3966811871772542,test,24,0.9166666666666666,1,5
85.51908654836174,arguana,50,0.5846648042916665,dynamic_int8_reranker_cpu,55.916077613830566,0.24970238095238095,24,0.397688108842907,test,24,0.9166666666666666,1,5
725.7501909042652,arguana,50,0.06889422920812649,bm25_no_rerank,0.0,0.27926587301587297,24,0.3958745183508226,test,24,0.9166666666666666,2,5
63.75053325472393,arguana,50,0.7843071649333221,fp32_reranker_cpu,86.68552494049072,0.23078703703703707,24,0.35529755382536665,test,24,0.9166666666666666,2,5
84.30750424635033,arguana,50,0.5930670163583273,dynamic_int8_reranker_cpu,55.916077613830566,0.2226851851851852,24,0.3487460045431999,test,24,0.9166666666666666,2,5
831.9783918140644,arguana,50,0.06009771466657791,bm25_no_rerank,0.0,0.29588293650793646,24,0.399542729141879,test,24,0.9166666666666666,3,5
65.3015303714438,arguana,50,0.7656788396166727,fp32_reranker_cpu,86.68552494049072,0.22574404761904765,24,0.34938304245290547,test,24,0.9166666666666666,3,5
85.31489416412788,arguana,50,0.5860641390917105,dynamic_int8_reranker_cpu,55.916077613830566,0.2150958994708995,24,0.3312045909106352,test,24,0.9166666666666666,3,5
797.6987338142264,arguana,50,0.06268030508325258,bm25_no_rerank,0.0,0.25393518518518526,24,0.3826282529061265,test,24,0.9166666666666666,4,5
64.77274338443043,arguana,50,0.7719296325500181,fp32_reranker_cpu,86.68552494049072,0.25502645502645505,24,0.38328675157385145,test,24,0.9166666666666666,4,5
85.33586468545145,arguana,50,0.585920119099986,dynamic_int8_reranker_cpu,55.916077613830566,0.2550099206349206,24,0.3653140947249138,test,24,0.9166666666666666,4,5
826.8359969264226,arguana,50,0.06047148429176256,bm25_no_rerank,0.0,0.2910714285714286,24,0.4143459012608488,test,24,1.0,5,5
64.55044222535598,arguana,50,0.7745880318750096,fp32_reranker_cpu,86.68552494049072,0.3115575396825397,24,0.4564734008878116,test,24,1.0,5,5
85.30222683312631,arguana,50,0.5861511692750203,dynamic_int8_reranker_cpu,55.916077613830566,0.3131283068783069,24,0.4585638923135182,test,24,1.0,5,5
1764.8878708417324,arguana,100,0.056660823416677886,bm25_no_rerank,0.0,0.20520833333333333,24,0.3074532495719987,test,24,0.9583333333333334,1,5
64.27390416471368,arguana,100,1.555841383833346,fp32_reranker_cpu,86.68552494049072,0.2503472222222222,24,0.3977436743059107,test,24,0.9583333333333334,1,5
86.97321038436733,arguana,100,1.1497793350166376,dynamic_int8_reranker_cpu,55.916077613830566,0.2530588624338624,24,0.40047368093253,test,24,0.9583333333333334,1,5
1470.967397866925,arguana,100,0.06798247204187646,bm25_no_rerank,0.0,0.27926587301587297,24,0.3958745183508226,test,24,0.9166666666666666,2,5
63.99933245794992,arguana,100,1.5625162975833216,fp32_reranker_cpu,86.68552494049072,0.2203703703703704,24,0.3373526972389753,test,24,0.9166666666666666,2,5
84.90345844540823,arguana,100,1.1778083229000458,dynamic_int8_reranker_cpu,55.916077613830566,0.21451719576719577,24,0.3411140863635907,test,24,0.9166666666666666,2,5
1681.699604825586,arguana,100,0.05946365195844313,bm25_no_rerank,0.0,0.29588293650793646,24,0.399542729141879,test,24,0.9166666666666666,3,5
64.24381388682684,arguana,100,1.5565701030166414,fp32_reranker_cpu,86.68552494049072,0.21747685185185184,24,0.33322015527990373,test,24,0.9166666666666666,3,5
86.0161204934278,arguana,100,1.1625727762000224,dynamic_int8_reranker_cpu,55.916077613830566,0.20600198412698414,24,0.3146057067271335,test,24,0.9166666666666666,3,5
1679.7982503434862,arguana,100,0.05953095854192725,bm25_no_rerank,0.0,0.25393518518518526,24,0.3826282529061265,test,24,0.9166666666666666,4,5
65.16513005505924,arguana,100,1.5345630387832898,fp32_reranker_cpu,86.68552494049072,0.2525793650793651,24,0.38088204836987355,test,24,0.9166666666666666,4,5
86.89813249798259,arguana,100,1.1507727165750263,dynamic_int8_reranker_cpu,55.916077613830566,0.2528769841269842,24,0.3632926748634919,test,24,0.9166666666666666,4,5
1726.1776343610352,arguana,100,0.057931465458371655,bm25_no_rerank,0.0,0.2910714285714286,24,0.4143459012608488,test,24,1.0,5,5
64.64307156620121,arguana,100,1.5469561946416737,fp32_reranker_cpu,86.68552494049072,0.29484126984126985,24,0.4338449847877351,test,24,1.0,5,5
86.11356496259425,arguana,100,1.1612572309999905,dynamic_int8_reranker_cpu,55.916077613830566,0.30009920634920634,24,0.4475654764442539,test,24,1.0,5,5
