candidates_per_second,dataset,depth,latency_s_per_query,method,model_size_mb,mrr@10,n_queries,ndcg@10,qrels_split,query_cap,recall@100,seed,timing_repeats,maximum_candidate_cutoff,actual_candidate_count,corrected_throughput,retrieval_latency_s_per_query,reranker_latency_s_per_query,end_to_end_latency_s_per_query,method_latency_boundary
6641.126355653187,scifact,20,0.003011537340044015,bm25_no_rerank,0.0,0.7039285714285713,100,0.7430290766937216,test,100,0.9,1,5,20,20.0,6641.126355653187,0.003011537340044015,,0.003011537340044015,retrieval_only
64.7929886698259,scifact,20,0.3086753738420157,fp32_reranker_cpu,86.68552494049072,0.6981071428571429,100,0.7334422754034358,test,100,0.9,1,5,20,20.0,64.7929886698259,0.003011537340044015,0.3086753738420157,0.3116869111820597,retrieval_plus_reranker
83.99281676567642,scifact,20,0.23811560047802777,dynamic_int8_reranker_cpu,55.916077613830566,0.7002777777777777,100,0.7346989725871955,test,100,0.9,1,5,20,20.0,83.99281676567642,0.003011537340044015,0.23811560047802777,0.24112713781807177,retrieval_plus_reranker
6538.419020893606,scifact,20,0.00305884342011268,bm25_no_rerank,0.0,0.6516785714285714,100,0.6720783320110995,test,100,0.8206666666666667,2,5,20,20.0,6538.419020893606,0.00305884342011268,,0.00305884342011268,retrieval_only
65.18958652697623,scifact,20,0.30679746667397195,fp32_reranker_cpu,86.68552494049072,0.6650952380952382,100,0.6862831073265322,test,100,0.8206666666666667,2,5,20,20.0,65.18958652697623,0.00305884342011268,0.30679746667397195,0.30985631009408465,retrieval_plus_reranker
82.52875442204041,scifact,20,0.24233977769400009,dynamic_int8_reranker_cpu,55.916077613830566,0.6611944444444445,100,0.6838148697883065,test,100,0.8206666666666667,2,5,20,20.0,82.52875442204041,0.00305884342011268,0.24233977769400009,0.24539862111411276,retrieval_plus_reranker
6833.567720294463,scifact,20,0.0029267288799383097,bm25_no_rerank,0.0,0.6877896825396824,100,0.7147762180747904,test,100,0.8656666666666666,3,5,20,20.0,6833.567720294463,0.0029267288799383097,,0.0029267288799383097,retrieval_only
63.64161917331216,scifact,20,0.3142597605119845,fp32_reranker_cpu,86.68552494049072,0.7081785714285715,100,0.7286778663772426,test,100,0.8656666666666666,3,5,20,20.0,63.64161917331216,0.0029267288799383097,0.3142597605119845,0.31718648939192284,retrieval_plus_reranker
83.03380090533453,scifact,20,0.2408657652899892,dynamic_int8_reranker_cpu,55.916077613830566,0.7064444444444444,100,0.7249242490105102,test,100,0.8656666666666666,3,5,20,20.0,83.03380090533453,0.0029267288799383097,0.2408657652899892,0.24379249416992751,retrieval_plus_reranker
6290.621966627156,scifact,20,0.0031793358599679776,bm25_no_rerank,0.0,0.5994563492063493,100,0.6371884155329548,test,100,0.8066666666666665,4,5,20,20.0,6290.621966627156,0.0031793358599679776,,0.0031793358599679776,retrieval_only
63.87475902136832,scifact,20,0.3131127272559934,fp32_reranker_cpu,86.68552494049072,0.6150833333333334,100,0.6435818167926507,test,100,0.8066666666666665,4,5,20,20.0,63.87475902136832,0.0031793358599679776,0.3131127272559934,0.31629206311596136,retrieval_plus_reranker
83.29223052427166,scifact,20,0.24011843450598827,dynamic_int8_reranker_cpu,55.916077613830566,0.6313055555555558,100,0.6572773704084114,test,100,0.8066666666666665,4,5,20,20.0,83.29223052427166,0.0031793358599679776,0.24011843450598827,0.24329777036595626,retrieval_plus_reranker
6561.450160614793,scifact,20,0.0030481066700849624,bm25_no_rerank,0.0,0.62025,100,0.6453074534299583,test,100,0.7965000000000001,5,5,20,20.0,6561.450160614793,0.0030481066700849624,,0.0030481066700849624,retrieval_only
63.79852595808392,scifact,20,0.3134868666580187,fp32_reranker_cpu,86.68552494049072,0.6341785714285715,100,0.6576158698108006,test,100,0.7965000000000001,5,5,20,20.0,63.79852595808392,0.0030481066700849624,0.3134868666580187,0.3165349733281037,retrieval_plus_reranker
83.40839300076485,scifact,20,0.23978402269201615,dynamic_int8_reranker_cpu,55.916077613830566,0.6343452380952381,100,0.6577429979825495,test,100,0.7965000000000001,5,5,20,20.0,83.40839300076485,0.0030481066700849624,0.23978402269201615,0.2428321293621011,retrieval_plus_reranker
15932.349916885767,scifact,50,0.003138269009959913,bm25_no_rerank,0.0,0.7039285714285713,100,0.7430290766937216,test,100,0.9325,1,5,50,50.0,15932.349916885767,0.003138269009959913,,0.003138269009959913,retrieval_only
62.980537659903234,scifact,50,0.7938960488079901,fp32_reranker_cpu,86.68552494049072,0.6968452380952381,100,0.7302884684859179,test,100,0.9325,1,5,50,50.0,62.980537659903234,0.003138269009959913,0.7938960488079901,0.7970343178179501,retrieval_plus_reranker
79.93458394579007,scifact,50,0.6255114811620078,dynamic_int8_reranker_cpu,55.916077613830566,0.6994166666666668,100,0.7318404877490409,test,100,0.9325,1,5,50,50.0,79.93458394579007,0.003138269009959913,0.6255114811620078,0.6286497501719678,retrieval_plus_reranker
15978.70322667464,scifact,50,0.003129165069949522,bm25_no_rerank,0.0,0.6516785714285714,100,0.6720783320110995,test,100,0.8846666666666667,2,5,50,50.0,15978.70322667464,0.003129165069949522,,0.003129165069949522,retrieval_only
61.90647988582438,scifact,50,0.8076698932359941,fp32_reranker_cpu,86.68552494049072,0.661484126984127,100,0.6886809435934661,test,100,0.8846666666666667,2,5,50,50.0,61.90647988582438,0.003129165069949522,0.8076698932359941,0.8107990583059437,retrieval_plus_reranker
79.54016970513906,scifact,50,0.6286131923700122,dynamic_int8_reranker_cpu,55.916077613830566,0.6577777777777779,100,0.6893093250435599,test,100,0.8846666666666667,2,5,50,50.0,79.54016970513906,0.003129165069949522,0.6286131923700122,0.6317423574399618,retrieval_plus_reranker
16731.554759470342,scifact,50,0.0029883654399600348,bm25_no_rerank,0.0,0.6877896825396824,100,0.7147762180747904,test,100,0.9196666666666666,3,5,50,50.0,16731.554759470342,0.0029883654399600348,,0.0029883654399600348,retrieval_only
62.70024682317797,scifact,50,0.7974450266680105,fp32_reranker_cpu,86.68552494049072,0.6864444444444446,100,0.7171252135335265,test,100,0.9196666666666666,3,5,50,50.0,62.70024682317797,0.0029883654399600348,0.7974450266680105,0.8004333921079706,retrieval_plus_reranker
80.77914598300951,scifact,50,0.6189716342200081,dynamic_int8_reranker_cpu,55.916077613830566,0.6863333333333336,100,0.7176259454558991,test,100,0.9196666666666666,3,5,50,50.0,80.77914598300951,0.0029883654399600348,0.6189716342200081,0.6219599996599682,retrieval_plus_reranker
15698.396823742829,scifact,50,0.003185038610081392,bm25_no_rerank,0.0,0.5994563492063493,100,0.6371884155329548,test,100,0.8366666666666666,4,5,50,50.0,15698.396823742829,0.003185038610081392,,0.003185038610081392,retrieval_only
61.83885833351315,scifact,50,0.8085530901999664,fp32_reranker_cpu,86.68552494049072,0.6164444444444446,100,0.6466259781668288,test,100,0.8366666666666666,4,5,50,50.0,61.83885833351315,0.003185038610081392,0.8085530901999664,0.8117381288100477,retrieval_plus_reranker
80.89394216542644,scifact,50,0.6180932547180237,dynamic_int8_reranker_cpu,55.916077613830566,0.6264444444444446,100,0.6535008776682032,test,100,0.8366666666666666,4,5,50,50.0,80.89394216542644,0.003185038610081392,0.6180932547180237,0.621278293328105,retrieval_plus_reranker
16318.3245073804,scifact,50,0.0030640400598349517,bm25_no_rerank,0.0,0.62025,100,0.6453074534299583,test,100,0.8654999999999999,5,5,50,50.0,16318.3245073804,0.0030640400598349517,,0.0030640400598349517,retrieval_only
62.85384901746226,scifact,50,0.7954962310440024,fp32_reranker_cpu,86.68552494049072,0.6366904761904764,100,0.6646533455292447,test,100,0.8654999999999999,5,5,50,50.0,62.85384901746226,0.0030640400598349517,0.7954962310440024,0.7985602711038373,retrieval_plus_reranker
81.7178187624898,scifact,50,0.611861657068006,dynamic_int8_reranker_cpu,55.916077613830566,0.6374166666666667,100,0.6662996238483716,test,100,0.8654999999999999,5,5,50,50.0,81.7178187624898,0.0030640400598349517,0.611861657068006,0.614925697127841,retrieval_plus_reranker
32357.66422340959,scifact,100,0.003090457930138655,bm25_no_rerank,0.0,0.7039285714285713,100,0.7430290766937216,test,100,0.935,1,5,100,100.0,32357.66422340959,0.003090457930138655,,0.003090457930138655,retrieval_only
53.96809387110439,scifact,100,1.852946673248025,fp32_reranker_cpu,86.68552494049072,0.6925515873015874,100,0.7247379343015515,test,100,0.935,1,5,100,100.0,53.96809387110439,0.003090457930138655,1.852946673248025,1.8560371311781638,retrieval_plus_reranker
70.12306874331958,scifact,100,1.426064229533975,dynamic_int8_reranker_cpu,55.916077613830566,0.6941666666666668,100,0.723465936449195,test,100,0.935,1,5,100,100.0,70.12306874331958,0.003090457930138655,1.426064229533975,1.4291546874641137,retrieval_plus_reranker
30976.804333332788,scifact,100,0.003228221960016526,bm25_no_rerank,0.0,0.6516785714285714,100,0.6720783320110995,test,100,0.8846666666666667,2,5,100,100.0,30976.804333332788,0.003228221960016526,,0.003228221960016526,retrieval_only
50.99920719374969,scifact,100,1.9608147950240236,fp32_reranker_cpu,86.68552494049072,0.6580396825396826,100,0.6825251351662699,test,100,0.8846666666666667,2,5,100,100.0,50.99920719374969,0.003228221960016526,1.9608147950240236,1.9640430169840402,retrieval_plus_reranker
67.89124708158202,scifact,100,1.4729439257439807,dynamic_int8_reranker_cpu,55.916077613830566,0.6519285714285715,100,0.6771044647598684,test,100,0.8846666666666667,2,5,100,100.0,67.89124708158202,0.003228221960016526,1.4729439257439807,1.4761721477039973,retrieval_plus_reranker
30227.079544020347,scifact,100,0.0033082918200670972,bm25_no_rerank,0.0,0.6877896825396824,100,0.7147762180747904,test,100,0.9296666666666666,3,5,100,100.0,30227.079544020347,0.0033082918200670972,,0.0033082918200670972,retrieval_only
54.88320122601886,scifact,100,1.822051151648062,fp32_reranker_cpu,86.68552494049072,0.6845000000000002,100,0.7120588248225909,test,100,0.9296666666666666,3,5,100,100.0,54.88320122601886,0.0033082918200670972,1.822051151648062,1.825359443468129,retrieval_plus_reranker
75.54475422241994,scifact,100,1.32371864902199,dynamic_int8_reranker_cpu,55.916077613830566,0.6831666666666666,100,0.709604864351719,test,100,0.9296666666666666,3,5,100,100.0,75.54475422241994,0.0033082918200670972,1.32371864902199,1.3270269408420572,retrieval_plus_reranker
28513.13062733033,scifact,100,0.0035071560996584594,bm25_no_rerank,0.0,0.5994563492063493,100,0.6371884155329548,test,100,0.8566666666666666,4,5,100,100.0,28513.13062733033,0.0035071560996584594,,0.0035071560996584594,retrieval_only
57.51044047093812,scifact,100,1.738814712270083,fp32_reranker_cpu,86.68552494049072,0.6140000000000001,100,0.6405680000389825,test,100,0.8566666666666666,4,5,100,100.0,57.51044047093812,0.0035071560996584594,1.738814712270083,1.7423218683697415,retrieval_plus_reranker
66.99248238703821,scifact,100,1.4927047996559704,dynamic_int8_reranker_cpu,55.916077613830566,0.622,100,0.6460224184694762,test,100,0.8566666666666666,4,5,100,100.0,66.99248238703821,0.0035071560996584594,1.4927047996559704,1.4962119557556288,retrieval_plus_reranker
25216.386096130587,scifact,100,0.0039656753199597,bm25_no_rerank,0.0,0.62025,100,0.6453074534299583,test,100,0.878,5,5,100,100.0,25216.386096130587,0.0039656753199597,,0.0039656753199597,retrieval_only
50.982403269777755,scifact,100,1.9614610843439733,fp32_reranker_cpu,86.68552494049072,0.6361349206349208,100,0.6632037561495558,test,100,0.878,5,5,100,100.0,50.982403269777755,0.0039656753199597,1.9614610843439733,1.965426759663933,retrieval_plus_reranker
72.46840551603508,scifact,100,1.3799116910040612,dynamic_int8_reranker_cpu,55.916077613830566,0.6363452380952382,100,0.664318814069373,test,100,0.878,5,5,100,100.0,72.46840551603508,0.0039656753199597,1.3799116910040612,1.383877366324021,retrieval_plus_reranker
33585.564834649624,nfcorpus,20,0.0005954939301591367,bm25_no_rerank,0.0,0.4709563492063494,100,0.2861539020061345,test,100,0.18492532077866752,1,5,20,15.26,25625.785968837663,0.0005954939301591367,,0.0005954939301591367,retrieval_only
76.88886273951329,nfcorpus,20,0.26011569539995255,fp32_reranker_cpu,86.68552494049072,0.5204682539682541,100,0.310414746406733,test,100,0.18492532077866752,1,5,20,15.26,58.66620227024864,0.0005954939301591367,0.26011569539995255,0.26071118933011167,retrieval_plus_reranker
98.88080242394291,nfcorpus,20,0.20226373077204335,dynamic_int8_reranker_cpu,55.916077613830566,0.5105119047619049,100,0.3021591718912688,test,100,0.18492532077866752,1,5,20,15.26,75.44605224946844,0.0005954939301591367,0.20226373077204335,0.2028592247022025,retrieval_plus_reranker
32096.93376016079,nfcorpus,20,0.0006231124801342958,bm25_no_rerank,0.0,0.5098730158730159,100,0.2935293131883013,test,100,0.16825718534737114,2,5,20,15.36,24650.445127803487,0.0006231124801342958,,0.0006231124801342958,retrieval_only
77.31459602240132,nfcorpus,20,0.25868336677598563,fp32_reranker_cpu,86.68552494049072,0.569623015873016,100,0.3235069661993717,test,100,0.16825718534737114,2,5,20,15.36,59.37760974520421,0.0006231124801342958,0.25868336677598563,0.25930647925611994,retrieval_plus_reranker
97.70096161808543,nfcorpus,20,0.204706275852026,dynamic_int8_reranker_cpu,55.916077613830566,0.5573333333333333,100,0.3182706518942498,test,100,0.16825718534737114,2,5,20,15.36,75.03433852268961,0.0006231124801342958,0.204706275852026,0.2053293883321603,retrieval_plus_reranker
31577.525544463344,nfcorpus,20,0.0006333618500866578,bm25_no_rerank,0.0,0.48783333333333334,100,0.30309632405244336,test,100,0.16660244063661217,3,5,20,15.12,23872.609311614287,0.0006333618500866578,,0.0006333618500866578,retrieval_only
78.44641299181627,nfcorpus,20,0.25495110913594543,fp32_reranker_cpu,86.68552494049072,0.5224166666666666,100,0.333407648278533,test,100,0.16660244063661217,3,5,20,15.12,59.30548822181311,0.0006333618500866578,0.25495110913594543,0.2555844709860321,retrieval_plus_reranker
99.28667354653862,nfcorpus,20,0.20143690271409287,dynamic_int8_reranker_cpu,55.916077613830566,0.5219722222222223,100,0.3316522397345476,test,100,0.16660244063661217,3,5,20,15.12,75.0607252011832,0.0006333618500866578,0.20143690271409287,0.20207026456417954,retrieval_plus_reranker
35719.80568943077,nfcorpus,20,0.0005599134601652622,bm25_no_rerank,0.0,0.4819563492063493,100,0.3025857288661746,test,100,0.18096595666039175,4,5,20,15.51,27700.709312153558,0.0005599134601652622,,0.0005599134601652622,retrieval_only
77.40372090647,nfcorpus,20,0.25838551126200765,fp32_reranker_cpu,86.68552494049072,0.5788452380952381,100,0.34211255364190785,test,100,0.18096595666039175,4,5,20,15.51,60.02658556296748,0.0005599134601652622,0.25838551126200765,0.2589454247221729,retrieval_plus_reranker
97.20994746693597,nfcorpus,20,0.20574026137399778,dynamic_int8_reranker_cpu,55.916077613830566,0.5683452380952382,100,0.3375145069586708,test,100,0.18096595666039175,4,5,20,15.51,75.38631426060884,0.0005599134601652622,0.20574026137399778,0.20630017483416305,retrieval_plus_reranker
31170.074571602825,nfcorpus,20,0.0006416410699966946,bm25_no_rerank,0.0,0.5914444444444444,100,0.39015483810993823,test,100,0.22228993172665143,5,5,20,15.29,23829.52200999036,0.0006416410699966946,,0.0006416410699966946,retrieval_only
77.77587605528211,nfcorpus,20,0.2571491446240252,fp32_reranker_cpu,86.68552494049072,0.6133888888888889,100,0.41314377596914015,test,100,0.22228993172665143,5,5,20,15.29,59.45965724426317,0.0006416410699966946,0.2571491446240252,0.2577907856940219,retrieval_plus_reranker
98.79836871050098,nfcorpus,20,0.20243249216597906,dynamic_int8_reranker_cpu,55.916077613830566,0.5984444444444444,100,0.4068295808772585,test,100,0.22228993172665143,5,5,20,15.29,75.531352879178,0.0006416410699966946,0.20243249216597906,0.20307413323597576,retrieval_plus_reranker
82360.52100581262,nfcorpus,50,0.0006070869803807,bm25_no_rerank,0.0,0.4709563492063494,100,0.2861539020061345,test,100,0.2072042612651339,1,5,50,35.05,57734.725225074646,0.0006070869803807,,0.0006070869803807,retrieval_only
83.5027465128199,nfcorpus,50,0.598782699828007,fp32_reranker_cpu,86.68552494049072,0.5148333333333334,100,0.3120204134605886,test,100,0.2072042612651339,1,5,50,35.05,58.53542530548675,0.0006070869803807,0.598782699828007,0.5993897868083877,retrieval_plus_reranker
103.98340685027097,nfcorpus,50,0.48084594950804604,dynamic_int8_reranker_cpu,55.916077613830566,0.5110952380952383,100,0.3075843591269416,test,100,0.2072042612651339,1,5,50,35.05,72.89236820203993,0.0006070869803807,0.48084594950804604,0.48145303648842674,retrieval_plus_reranker
77798.11784841926,nfcorpus,50,0.0006426890699003706,bm25_no_rerank,0.0,0.5098730158730159,100,0.2935293131883013,test,100,0.21111028020710207,2,5,50,36.27,56434.75468724334,0.0006426890699003706,,0.0006426890699003706,retrieval_only
80.27385284798743,nfcorpus,50,0.6228678234079998,fp32_reranker_cpu,86.68552494049072,0.5764682539682541,100,0.3310125126801157,test,100,0.21111028020710207,2,5,50,36.27,58.23065285593009,0.0006426890699003706,0.6228678234079998,0.6235105124779002,retrieval_plus_reranker
101.75827543367406,nfcorpus,50,0.49136052853598083,dynamic_int8_reranker_cpu,55.916077613830566,0.5684285714285715,100,0.3279777988930163,test,100,0.21111028020710207,2,5,50,36.27,73.81545299958717,0.0006426890699003706,0.49136052853598083,0.4920032176058812,retrieval_plus_reranker
80589.0778129364,nfcorpus,50,0.0006204314698334202,bm25_no_rerank,0.0,0.48783333333333334,100,0.30309632405244336,test,100,0.20034567189197666,3,5,50,34.24,55187.40048629885,0.0006204314698334202,,0.0006204314698334202,retrieval_only
86.3591805749804,nfcorpus,50,0.5789772397919878,fp32_reranker_cpu,86.68552494049072,0.5245277777777778,100,0.3385000560379508,test,100,0.20034567189197666,3,5,50,34.24,59.13876685774658,0.0006204314698334202,0.5789772397919878,0.5795976712618212,retrieval_plus_reranker
106.64693057045251,nfcorpus,50,0.4688367469419973,dynamic_int8_reranker_cpu,55.916077613830566,0.5261507936507938,100,0.3393571469830309,test,100,0.20034567189197666,3,5,50,34.24,73.03181805464588,0.0006204314698334202,0.4688367469419973,0.4694571784118307,retrieval_plus_reranker
88822.16410265792,nfcorpus,50,0.0005629225599841448,bm25_no_rerank,0.0,0.4819563492063493,100,0.3025857288661746,test,100,0.20830250938866446,4,5,50,36.22,64342.77567596539,0.0005629225599841448,,0.0005629225599841448,retrieval_only
81.37163056461456,nfcorpus,50,0.6144647668120233,fp32_reranker_cpu,86.68552494049072,0.5707063492063493,100,0.34502173928207924,test,100,0.20830250938866446,4,5,50,36.22,58.94560918100679,0.0005629225599841448,0.6144647668120233,0.6150276893720075,retrieval_plus_reranker
102.8561396510157,nfcorpus,50,0.4861158523900158,dynamic_int8_reranker_cpu,55.916077613830566,0.5684166666666668,100,0.3458695449833843,test,100,0.20830250938866446,4,5,50,36.22,74.50898756319577,0.0005629225599841448,0.4861158523900158,0.48667877494999995,retrieval_plus_reranker
74575.18394890806,nfcorpus,50,0.0006704643200646387,bm25_no_rerank,0.0,0.5914444444444444,100,0.39015483810993823,test,100,0.25565348192583903,5,5,50,35.16,52441.26935287214,0.0006704643200646387,,0.0006704643200646387,retrieval_only
84.47049369621993,nfcorpus,50,0.5919226680480205,fp32_reranker_cpu,86.68552494049072,0.6106507936507937,100,0.41065441451875295,test,100,0.25565348192583903,5,5,50,35.16,59.39965116718185,0.0006704643200646387,0.5919226680480205,0.5925931323680852,retrieval_plus_reranker
107.08379888561032,nfcorpus,50,0.4669240400540075,dynamic_int8_reranker_cpu,55.916077613830566,0.6017777777777777,100,0.4084418630429799,test,100,0.25565348192583903,5,5,50,35.16,75.30132737636117,0.0006704643200646387,0.4669240400540075,0.46759450437407213,retrieval_plus_reranker
164608.69573830315,nfcorpus,100,0.0006075013203371782,bm25_no_rerank,0.0,0.4709563492063494,100,0.2861539020061345,test,100,0.22616634343322628,1,5,100,65.76,108246.67831750815,0.0006075013203371782,,0.0006075013203371782,retrieval_only
90.91898284896592,nfcorpus,100,1.0998803205499934,fp32_reranker_cpu,86.68552494049072,0.5058333333333335,100,0.3112981205168066,test,100,0.22616634343322628,1,5,100,65.76,59.78832312148,0.0006075013203371782,1.0998803205499934,1.1004878218703307,retrieval_plus_reranker
114.87414584249031,nfcorpus,100,0.8705178982319921,dynamic_int8_reranker_cpu,55.916077613830566,0.5099563492063492,100,0.30801394273722515,test,100,0.22616634343322628,1,5,100,65.76,75.54123830602164,0.0006075013203371782,0.8705178982319921,0.8711253995523293,retrieval_plus_reranker
156275.51192441533,nfcorpus,100,0.0006398955202166689,bm25_no_rerank,0.0,0.5098730158730159,100,0.2935293131883013,test,100,0.23506878280131083,2,5,100,68.63,107251.88383372624,0.0006398955202166689,,0.0006398955202166689,retrieval_only
88.49656528603981,nfcorpus,100,1.129987358003993,fp32_reranker_cpu,86.68552494049072,0.5892063492063493,100,0.334379267953804,test,100,0.23506878280131083,2,5,100,68.63,60.735192755809116,0.0006398955202166689,1.129987358003993,1.1306272535242097,retrieval_plus_reranker
110.26301813256819,nfcorpus,100,0.9069223906039915,dynamic_int8_reranker_cpu,55.916077613830566,0.5825952380952382,100,0.3312325790848927,test,100,0.23506878280131083,2,5,100,68.63,75.67350934438154,0.0006398955202166689,0.9069223906039915,0.9075622861242082,retrieval_plus_reranker
157941.18736284226,nfcorpus,100,0.0006331470699296915,bm25_no_rerank,0.0,0.48783333333333334,100,0.30309632405244336,test,100,0.22112639871270942,3,5,100,62.75,99108.09507018352,0.0006331470699296915,,0.0006331470699296915,retrieval_only
95.74669363341548,nfcorpus,100,1.0444224881839692,fp32_reranker_cpu,86.68552494049072,0.5284444444444444,100,0.33887277493010487,test,100,0.22112639871270942,3,5,100,62.75,60.08105025496821,0.0006331470699296915,1.0444224881839692,1.0450556352538989,retrieval_plus_reranker
120.48237321052997,nfcorpus,100,0.8299969309640073,dynamic_int8_reranker_cpu,55.916077613830566,0.5347063492063492,100,0.3403465981637426,test,100,0.22112639871270942,3,5,100,62.75,75.60268918960756,0.0006331470699296915,0.8299969309640073,0.830630078033937,retrieval_plus_reranker
180304.21005125094,nfcorpus,100,0.0005546182197940652,bm25_no_rerank,0.0,0.4819563492063493,100,0.3025857288661746,test,100,0.23549235740432448,4,5,100,67.77,122192.16315173276,0.0005546182197940652,,0.0005546182197940652,retrieval_only
88.92829289279126,nfcorpus,100,1.1245015140519607,fp32_reranker_cpu,86.68552494049072,0.582888888888889,100,0.3487025456870033,test,100,0.23549235740432448,4,5,100,67.77,60.26670409344464,0.0005546182197940652,1.1245015140519607,1.1250561322717547,retrieval_plus_reranker
110.93334443308028,nfcorpus,100,0.9014422174959691,dynamic_int8_reranker_cpu,55.916077613830566,0.5757500000000001,100,0.34803951766171015,test,100,0.23549235740432448,4,5,100,67.77,75.1795275222985,0.0005546182197940652,0.9014422174959691,0.9019968357157632,retrieval_plus_reranker
148834.53115329077,nfcorpus,100,0.0006718870898112072,bm25_no_rerank,0.0,0.5914444444444444,100,0.39015483810993823,test,100,0.2766542166436747,5,5,100,65.79,97918.23804575001,0.0006718870898112072,,0.0006718870898112072,retrieval_only
90.24616304498262,nfcorpus,100,1.108080350741955,fp32_reranker_cpu,86.68552494049072,0.6220555555555556,100,0.4135539550840041,test,100,0.2766542166436747,5,5,100,65.79,59.37295066729407,0.0006718870898112072,1.108080350741955,1.1087522378317662,retrieval_plus_reranker
110.60542333902497,nfcorpus,100,0.904114798182025,dynamic_int8_reranker_cpu,55.916077613830566,0.6126111111111111,100,0.41128350372276706,test,100,0.2766542166436747,5,5,100,65.79,72.76730801474453,0.0006718870898112072,0.904114798182025,0.9047866852718363,retrieval_plus_reranker
447.28780351268296,fiqa,20,0.04471393997988343,bm25_no_rerank,0.0,0.28383333333333327,100,0.222273129421478,test,100,0.3522309634809635,1,5,20,20.0,447.28780351268296,0.04471393997988343,,0.04471393997988343,retrieval_only
60.77420838783084,fiqa,20,0.3290869684779755,fp32_reranker_cpu,86.68552494049072,0.3439563492063492,100,0.2733537491758949,test,100,0.3522309634809635,1,5,20,20.0,60.77420838783084,0.04471393997988343,0.3290869684779755,0.3738009084578589,retrieval_plus_reranker
81.11468096525643,fiqa,20,0.24656449069394148,dynamic_int8_reranker_cpu,55.916077613830566,0.3369007936507936,100,0.270100340105688,test,100,0.3522309634809635,1,5,20,20.0,81.11468096525643,0.04471393997988343,0.24656449069394148,0.2912784306738249,retrieval_plus_reranker
452.94993736207846,fiqa,20,0.04415499009995983,bm25_no_rerank,0.0,0.254952380952381,100,0.19301286406054133,test,100,0.30366666666666664,2,5,20,20.0,452.94993736207846,0.04415499009995983,,0.04415499009995983,retrieval_only
60.415518804258284,fiqa,20,0.331040772235996,fp32_reranker_cpu,86.68552494049072,0.33977777777777773,100,0.25328389679081265,test,100,0.30366666666666664,2,5,20,20.0,60.415518804258284,0.04415499009995983,0.331040772235996,0.3751957623359558,retrieval_plus_reranker
81.41355754470557,fiqa,20,0.2456593300079985,dynamic_int8_reranker_cpu,55.916077613830566,0.3311507936507937,100,0.2510582237566503,test,100,0.30366666666666664,2,5,20,20.0,81.41355754470557,0.04415499009995983,0.2456593300079985,0.2898143201079583,retrieval_plus_reranker
412.4602408280156,fiqa,20,0.048489522189702254,bm25_no_rerank,0.0,0.2890515873015873,100,0.21786893918849862,test,100,0.36020238095238094,3,5,20,20.0,412.4602408280156,0.048489522189702254,,0.048489522189702254,retrieval_only
62.04015877280871,fiqa,20,0.32237183778397593,fp32_reranker_cpu,86.68552494049072,0.36013888888888884,100,0.28155423459808776,test,100,0.36020238095238094,3,5,20,20.0,62.04015877280871,0.048489522189702254,0.32237183778397593,0.3708613599736782,retrieval_plus_reranker
79.72482779435786,fiqa,20,0.2508628811540111,dynamic_int8_reranker_cpu,55.916077613830566,0.3483333333333334,100,0.27635689557313536,test,100,0.36020238095238094,3,5,20,20.0,79.72482779435786,0.048489522189702254,0.2508628811540111,0.2993524033437134,retrieval_plus_reranker
433.33588312378055,fiqa,20,0.046153574580130224,bm25_no_rerank,0.0,0.22216269841269842,100,0.18579913016740612,test,100,0.31589285714285714,4,5,20,20.0,433.33588312378055,0.046153574580130224,,0.046153574580130224,retrieval_only
61.77044861115738,fiqa,20,0.32377941960401224,fp32_reranker_cpu,86.68552494049072,0.27555555555555555,100,0.2346099026109685,test,100,0.31589285714285714,4,5,20,20.0,61.77044861115738,0.046153574580130224,0.32377941960401224,0.3699329941841425,retrieval_plus_reranker
79.77699295942585,fiqa,20,0.2506988450939971,dynamic_int8_reranker_cpu,55.916077613830566,0.27388888888888885,100,0.23705133510937706,test,100,0.31589285714285714,4,5,20,20.0,79.77699295942585,0.046153574580130224,0.2506988450939971,0.29685241967412734,retrieval_plus_reranker
452.45061252978144,fiqa,20,0.044203719579854805,bm25_no_rerank,0.0,0.2942619047619048,100,0.22636002728028196,test,100,0.30541666666666667,5,5,20,20.0,452.45061252978144,0.044203719579854805,,0.044203719579854805,retrieval_only
62.89192735079222,fiqa,20,0.3180058370360639,fp32_reranker_cpu,86.68552494049072,0.3199166666666667,100,0.2606712316714273,test,100,0.30541666666666667,5,5,20,20.0,62.89192735079222,0.044203719579854805,0.3180058370360639,0.3622095566159187,retrieval_plus_reranker
80.65017917083979,fiqa,20,0.2479845699739162,dynamic_int8_reranker_cpu,55.916077613830566,0.32375,100,0.2631013770273222,test,100,0.30541666666666667,5,5,20,20.0,80.65017917083979,0.044203719579854805,0.2479845699739162,0.292188289553771,retrieval_plus_reranker
1115.6789688215683,fiqa,50,0.04481575918995077,bm25_no_rerank,0.0,0.28383333333333327,100,0.222273129421478,test,100,0.4721308968808968,1,5,50,50.0,1115.6789688215683,0.04481575918995077,,0.04481575918995077,retrieval_only
60.55199169005847,fiqa,50,0.8257366703300213,fp32_reranker_cpu,86.68552494049072,0.3780396825396826,100,0.3092541380441605,test,100,0.4721308968808968,1,5,50,50.0,60.55199169005847,0.04481575918995077,0.8257366703300213,0.870552429519972,retrieval_plus_reranker
78.5955350126831,fiqa,50,0.6361684539959097,dynamic_int8_reranker_cpu,55.916077613830566,0.3630119047619049,100,0.29927034645760314,test,100,0.4721308968808968,1,5,50,50.0,78.5955350126831,0.04481575918995077,0.6361684539959097,0.6809842131858604,retrieval_plus_reranker
1099.8514036453337,fiqa,50,0.04546068662937614,bm25_no_rerank,0.0,0.254952380952381,100,0.19301286406054133,test,100,0.40399999999999997,2,5,50,50.0,1099.8514036453337,0.04546068662937614,,0.04546068662937614,retrieval_only
62.408953055599284,fiqa,50,0.8011671010641003,fp32_reranker_cpu,86.68552494049072,0.36009523809523813,100,0.2765795907153241,test,100,0.40399999999999997,2,5,50,50.0,62.408953055599284,0.04546068662937614,0.8011671010641003,0.8466277876934765,retrieval_plus_reranker
77.70865401041512,fiqa,50,0.643428980166078,dynamic_int8_reranker_cpu,55.916077613830566,0.34266666666666656,100,0.2670623022025405,test,100,0.40399999999999997,2,5,50,50.0,77.70865401041512,0.04546068662937614,0.643428980166078,0.6888896667954542,retrieval_plus_reranker
1037.3023096836762,fiqa,50,0.048201955720360276,bm25_no_rerank,0.0,0.2890515873015873,100,0.21786893918849862,test,100,0.4275595238095239,3,5,50,50.0,1037.3023096836762,0.048201955720360276,,0.048201955720360276,retrieval_only
62.42909876996668,fiqa,50,0.8009085664400772,fp32_reranker_cpu,86.68552494049072,0.378968253968254,100,0.29977600205525173,test,100,0.4275595238095239,3,5,50,50.0,62.42909876996668,0.048201955720360276,0.8009085664400772,0.8491105221604375,retrieval_plus_reranker
77.49307213855992,fiqa,50,0.6452189675820118,dynamic_int8_reranker_cpu,55.916077613830566,0.3549404761904762,100,0.2878417095425543,test,100,0.4275595238095239,3,5,50,50.0,77.49307213855992,0.048201955720360276,0.6452189675820118,0.693420923302372,retrieval_plus_reranker
1082.9389505334789,fiqa,50,0.04617065438025748,bm25_no_rerank,0.0,0.22216269841269842,100,0.18579913016740612,test,100,0.4020992063492064,4,5,50,50.0,1082.9389505334789,0.04617065438025748,,0.04617065438025748,retrieval_only
62.37759789259521,fiqa,50,0.8015698213658762,fp32_reranker_cpu,86.68552494049072,0.29033730158730153,100,0.25424852747012133,test,100,0.4020992063492064,4,5,50,50.0,62.37759789259521,0.04617065438025748,0.8015698213658762,0.8477404757461336,retrieval_plus_reranker
76.68599925951975,fiqa,50,0.6520094995540275,dynamic_int8_reranker_cpu,55.916077613830566,0.28845634920634916,100,0.25472882050733836,test,100,0.4020992063492064,4,5,50,50.0,76.68599925951975,0.04617065438025748,0.6520094995540275,0.698180153934285,retrieval_plus_reranker
1125.9625965438304,fiqa,50,0.04440644844995404,bm25_no_rerank,0.0,0.2942619047619048,100,0.22636002728028196,test,100,0.4058333333333334,5,5,50,50.0,1125.9625965438304,0.04440644844995404,,0.04440644844995404,retrieval_only
63.147816764746835,fiqa,50,0.7917930114080082,fp32_reranker_cpu,86.68552494049072,0.3602579365079365,100,0.3038244311471653,test,100,0.4058333333333334,5,5,50,50.0,63.147816764746835,0.04440644844995404,0.7917930114080082,0.8361994598579622,retrieval_plus_reranker
77.40497769695904,fiqa,50,0.6459532899260084,dynamic_int8_reranker_cpu,55.916077613830566,0.3390674603174603,100,0.2924864674902766,test,100,0.4058333333333334,5,5,50,50.0,77.40497769695904,0.04440644844995404,0.6459532899260084,0.6903597383759624,retrieval_plus_reranker
2227.099190812028,fiqa,100,0.04490145765063062,bm25_no_rerank,0.0,0.28383333333333327,100,0.222273129421478,test,100,0.5435518925518925,1,5,100,100.0,2227.099190812028,0.04490145765063062,,0.04490145765063062,retrieval_only
62.34014973476783,fiqa,100,1.604102659769982,fp32_reranker_cpu,86.68552494049072,0.3861071428571429,100,0.3172971842960244,test,100,0.5435518925518925,1,5,100,100.0,62.34014973476783,0.04490145765063062,1.604102659769982,1.6490041174206125,retrieval_plus_reranker
76.27549037775887,fiqa,100,1.3110371300760453,dynamic_int8_reranker_cpu,55.916077613830566,0.3765396825396827,100,0.31363569448553763,test,100,0.5435518925518925,1,5,100,100.0,76.27549037775887,0.04490145765063062,1.3110371300760453,1.3559385877266759,retrieval_plus_reranker
2270.7688233749914,fiqa,100,0.04403794828016544,bm25_no_rerank,0.0,0.254952380952381,100,0.19301286406054133,test,100,0.4716666666666666,2,5,100,100.0,2270.7688233749914,0.04403794828016544,,0.04403794828016544,retrieval_only
62.4358226037189,fiqa,100,1.6016446301140532,fp32_reranker_cpu,86.68552494049072,0.3719682539682539,100,0.29418549443387554,test,100,0.4716666666666666,2,5,100,100.0,62.4358226037189,0.04403794828016544,1.6016446301140532,1.6456825783942186,retrieval_plus_reranker
76.61296336517647,fiqa,100,1.3052621332939307,dynamic_int8_reranker_cpu,55.916077613830566,0.3527499999999999,100,0.2854113081991107,test,100,0.4716666666666666,2,5,100,100.0,76.61296336517647,0.04403794828016544,1.3052621332939307,1.349300081574096,retrieval_plus_reranker
2087.6029170937704,fiqa,100,0.04790182997981901,bm25_no_rerank,0.0,0.2890515873015873,100,0.21786893918849862,test,100,0.5068214285714286,3,5,100,100.0,2087.6029170937704,0.04790182997981901,,0.04790182997981901,retrieval_only
61.235183200712406,fiqa,100,1.6330481068739027,fp32_reranker_cpu,86.68552494049072,0.38616269841269846,100,0.3164742401888694,test,100,0.5068214285714286,3,5,100,100.0,61.235183200712406,0.04790182997981901,1.6330481068739027,1.6809499368537217,retrieval_plus_reranker
77.8359241523401,fiqa,100,1.2847538085920387,dynamic_int8_reranker_cpu,55.916077613830566,0.3671626984126985,100,0.3058172575819817,test,100,0.5068214285714286,3,5,100,100.0,77.8359241523401,0.04790182997981901,1.2847538085920387,1.3326556385718578,retrieval_plus_reranker
2173.083022615292,fiqa,100,0.046017569949835885,bm25_no_rerank,0.0,0.22216269841269842,100,0.18579913016740612,test,100,0.47330158730158733,4,5,100,100.0,2173.083022615292,0.046017569949835885,,0.046017569949835885,retrieval_only
63.68417160278734,fiqa,100,1.5702488936139853,fp32_reranker_cpu,86.68552494049072,0.2908809523809523,100,0.26235549292744176,test,100,0.47330158730158733,4,5,100,100.0,63.68417160278734,0.046017569949835885,1.5702488936139853,1.6162664635638213,retrieval_plus_reranker
78.03966972045517,fiqa,100,1.2813995799598925,dynamic_int8_reranker_cpu,55.916077613830566,0.2910238095238096,100,0.2622150369448886,test,100,0.47330158730158733,4,5,100,100.0,78.03966972045517,0.046017569949835885,1.2813995799598925,1.3274171499097285,retrieval_plus_reranker
2285.278509983519,fiqa,100,0.04375834261038108,bm25_no_rerank,0.0,0.2942619047619048,100,0.22636002728028196,test,100,0.4979166666666666,5,5,100,100.0,2285.278509983519,0.04375834261038108,,0.04375834261038108,retrieval_only
61.78226964141683,fiqa,100,1.6185873484479962,fp32_reranker_cpu,86.68552494049072,0.3567063492063492,100,0.30422248419097264,test,100,0.4979166666666666,5,5,100,100.0,61.78226964141683,0.04375834261038108,1.6185873484479962,1.6623456910583774,retrieval_plus_reranker
75.55070456082237,fiqa,100,1.3236143935559812,dynamic_int8_reranker_cpu,55.916077613830566,0.34148412698412706,100,0.29665978065065923,test,100,0.4979166666666666,5,5,100,100.0,75.55070456082237,0.04375834261038108,1.3236143935559812,1.3673727361663623,retrieval_plus_reranker
315.0411143910061,arguana,20,0.06348377747031918,bm25_no_rerank,0.0,0.1997023809523809,100,0.3073072823546739,test,100,0.79,1,5,20,20.0,315.0411143910061,0.06348377747031918,,0.06348377747031918,retrieval_only
61.02075088647895,arguana,20,0.32775735646398974,fp32_reranker_cpu,86.68552494049072,0.2205833333333333,100,0.3375549323855514,test,100,0.79,1,5,20,20.0,61.02075088647895,0.06348377747031918,0.32775735646398974,0.3912411339343089,retrieval_plus_reranker
81.10522371838532,arguana,20,0.24659324126204593,dynamic_int8_reranker_cpu,55.916077613830566,0.21697619047619043,100,0.3326173781363904,test,100,0.79,1,5,20,20.0,81.10522371838532,0.06348377747031918,0.24659324126204593,0.3100770187323651,retrieval_plus_reranker
291.9825425356884,arguana,20,0.06849724585008517,bm25_no_rerank,0.0,0.23446825396825383,100,0.3516805069463897,test,100,0.8,2,5,20,20.0,291.9825425356884,0.06849724585008517,,0.06849724585008517,retrieval_only
60.894042555535094,arguana,20,0.32843935401004276,fp32_reranker_cpu,86.68552494049072,0.2161071428571428,100,0.3359475537816289,test,100,0.8,2,5,20,20.0,60.894042555535094,0.06849724585008517,0.32843935401004276,0.3969365998601279,retrieval_plus_reranker
81.09290680004797,arguana,20,0.2466306954480533,dynamic_int8_reranker_cpu,55.916077613830566,0.21003174603174596,100,0.32865815193550246,test,100,0.8,2,5,20,20.0,81.09290680004797,0.06849724585008517,0.2466306954480533,0.3151279412981385,retrieval_plus_reranker
314.4340877092716,arguana,20,0.063606335259974,bm25_no_rerank,0.0,0.23092063492063486,100,0.35285641935840645,test,100,0.86,3,5,20,20.0,314.4340877092716,0.063606335259974,,0.063606335259974,retrieval_only
61.541814937175666,arguana,20,0.3249822908280621,fp32_reranker_cpu,86.68552494049072,0.2596825396825396,100,0.39149404745975247,test,100,0.86,3,5,20,20.0,61.541814937175666,0.063606335259974,0.3249822908280621,0.3885886260880361,retrieval_plus_reranker
81.25502139664366,arguana,20,0.24613863434200176,dynamic_int8_reranker_cpu,55.916077613830566,0.24661507936507931,100,0.37195891397644637,test,100,0.86,3,5,20,20.0,81.25502139664366,0.063606335259974,0.24613863434200176,0.30974496960197573,retrieval_plus_reranker
295.3930133879724,arguana,20,0.06770640839000407,bm25_no_rerank,0.0,0.22859126984126976,100,0.3441552995673021,test,100,0.81,4,5,20,20.0,295.3930133879724,0.06770640839000407,,0.06770640839000407,retrieval_only
61.18145612800529,arguana,20,0.32689643669407814,fp32_reranker_cpu,86.68552494049072,0.2243531746031746,100,0.33661269439528857,test,100,0.81,4,5,20,20.0,61.18145612800529,0.06770640839000407,0.32689643669407814,0.3946028450840822,retrieval_plus_reranker
80.86962666129158,arguana,20,0.24731164005203754,dynamic_int8_reranker_cpu,55.916077613830566,0.22438095238095226,100,0.33431908716628306,test,100,0.81,4,5,20,20.0,80.86962666129158,0.06770640839000407,0.24731164005203754,0.3150180484420416,retrieval_plus_reranker
295.97726047851836,arguana,20,0.06757275868985743,bm25_no_rerank,0.0,0.2146309523809523,100,0.32214710059471324,test,100,0.81,5,5,20,20.0,295.97726047851836,0.06757275868985743,,0.06757275868985743,retrieval_only
60.87125962406346,arguana,20,0.3285622824879683,fp32_reranker_cpu,86.68552494049072,0.21770634920634907,100,0.33971356067081937,test,100,0.81,5,5,20,20.0,60.87125962406346,0.06757275868985743,0.3285622824879683,0.3961350411778257,retrieval_plus_reranker
81.34121048080738,arguana,20,0.2458778260340623,dynamic_int8_reranker_cpu,55.916077613830566,0.21676190476190466,100,0.33462818669315736,test,100,0.81,5,5,20,20.0,81.34121048080738,0.06757275868985743,0.2458778260340623,0.31345058472391973,retrieval_plus_reranker
789.7548726960024,arguana,50,0.06331078379967948,bm25_no_rerank,0.0,0.1997023809523809,100,0.3073072823546739,test,100,0.88,1,5,50,50.0,789.7548726960024,0.06331078379967948,,0.06331078379967948,retrieval_only
61.09661551569818,arguana,50,0.8183759374879446,fp32_reranker_cpu,86.68552494049072,0.22175396825396823,100,0.34700789142677574,test,100,0.88,1,5,50,50.0,61.09661551569818,0.06331078379967948,0.8183759374879446,0.881686721287624,retrieval_plus_reranker
81.6098307991666,arguana,50,0.6126712861719424,dynamic_int8_reranker_cpu,55.916077613830566,0.2229484126984127,100,0.34828100775706283,test,100,0.88,1,5,50,50.0,81.6098307991666,0.06331078379967948,0.6126712861719424,0.6759820699716219,retrieval_plus_reranker
721.258111819959,arguana,50,0.06932331044961756,bm25_no_rerank,0.0,0.23446825396825383,100,0.3516805069463897,test,100,0.89,2,5,50,50.0,721.258111819959,0.06932331044961756,,0.06932331044961756,retrieval_only
61.46965312732409,arguana,50,0.8134095030019671,fp32_reranker_cpu,86.68552494049072,0.21655158730158725,100,0.3381577995371621,test,100,0.89,2,5,50,50.0,61.46965312732409,0.06932331044961756,0.8134095030019671,0.8827328134515847,retrieval_plus_reranker
81.71176377426104,arguana,50,0.6119069971140416,dynamic_int8_reranker_cpu,55.916077613830566,0.2093253968253968,100,0.3279211402777453,test,100,0.89,2,5,50,50.0,81.71176377426104,0.06932331044961756,0.6119069971140416,0.6812303075636592,retrieval_plus_reranker
784.1403093217338,arguana,50,0.0637640986002225,bm25_no_rerank,0.0,0.23092063492063486,100,0.35285641935840645,test,100,0.93,3,5,50,50.0,784.1403093217338,0.0637640986002225,,0.0637640986002225,retrieval_only
61.661713870129525,arguana,50,0.8108759368140309,fp32_reranker_cpu,86.68552494049072,0.2486706349206349,100,0.3778562982859719,test,100,0.93,3,5,50,50.0,61.661713870129525,0.0637640986002225,0.8108759368140309,0.8746400354142534,retrieval_plus_reranker
82.08806077727192,arguana,50,0.609101975690035,dynamic_int8_reranker_cpu,55.916077613830566,0.24005158730158727,100,0.3623647085690384,test,100,0.93,3,5,50,50.0,82.08806077727192,0.0637640986002225,0.609101975690035,0.6728660742902575,retrieval_plus_reranker
732.210934180442,arguana,50,0.0682863334401918,bm25_no_rerank,0.0,0.22859126984126976,100,0.3441552995673021,test,100,0.9,4,5,50,50.0,732.210934180442,0.0682863334401918,,0.0682863334401918,retrieval_only
61.3366338428875,arguana,50,0.8151735246520693,fp32_reranker_cpu,86.68552494049072,0.229281746031746,100,0.342676197112384,test,100,0.9,4,5,50,50.0,61.3366338428875,0.0682863334401918,0.8151735246520693,0.883459858092261,retrieval_plus_reranker
81.40102717758,arguana,50,0.6142428631879884,dynamic_int8_reranker_cpu,55.916077613830566,0.2287103174603174,100,0.34204976034954576,test,100,0.9,4,5,50,50.0,81.40102717758,0.0682863334401918,0.6142428631879884,0.6825291966281801,retrieval_plus_reranker
749.1827843020138,arguana,50,0.06673938729996735,bm25_no_rerank,0.0,0.2146309523809523,100,0.32214710059471324,test,100,0.91,5,5,50,50.0,749.1827843020138,0.06673938729996735,,0.06673938729996735,retrieval_only
61.309812411807144,arguana,50,0.8155301416379953,fp32_reranker_cpu,86.68552494049072,0.21832142857142844,100,0.3417232603949057,test,100,0.91,5,5,50,50.0,61.309812411807144,0.06673938729996735,0.8155301416379953,0.8822695289379626,retrieval_plus_reranker
81.62338343594384,arguana,50,0.6125695590558171,dynamic_int8_reranker_cpu,55.916077613830566,0.21919444444444441,100,0.33626548556748276,test,100,0.91,5,5,50,50.0,81.62338343594384,0.06673938729996735,0.6125695590558171,0.6793089463557844,retrieval_plus_reranker
1559.7778430431235,arguana,100,0.06411169414030155,bm25_no_rerank,0.0,0.1997023809523809,100,0.3073072823546739,test,100,0.96,1,5,100,100.0,1559.7778430431235,0.06411169414030155,,0.06411169414030155,retrieval_only
61.56349107629324,arguana,100,1.6243393324799253,fp32_reranker_cpu,86.68552494049072,0.21894841269841261,100,0.3447160742736473,test,100,0.96,1,5,100,100.0,61.56349107629324,0.06411169414030155,1.6243393324799253,1.6884510266202268,retrieval_plus_reranker
82.07329104413401,arguana,100,1.2184231767460878,dynamic_int8_reranker_cpu,55.916077613830566,0.2212539682539682,100,0.34889808576818454,test,100,0.96,1,5,100,100.0,82.07329104413401,0.06411169414030155,1.2184231767460878,1.2825348708863893,retrieval_plus_reranker
1460.7869889623344,arguana,100,0.06845625047018984,bm25_no_rerank,0.0,0.23446825396825383,100,0.3516805069463897,test,100,0.92,2,5,100,100.0,1460.7869889623344,0.06845625047018984,,0.06845625047018984,retrieval_only
61.88307558417299,arguana,100,1.6159507111759595,fp32_reranker_cpu,86.68552494049072,0.21290476190476182,100,0.3329727555053903,test,100,0.92,2,5,100,100.0,61.88307558417299,0.06845625047018984,1.6159507111759595,1.6844069616461492,retrieval_plus_reranker
82.46554676061507,arguana,100,1.2126276236339617,dynamic_int8_reranker_cpu,55.916077613830566,0.20710714285714285,100,0.3238981030910362,test,100,0.92,2,5,100,100.0,82.46554676061507,0.06845625047018984,1.2126276236339617,1.2810838741041515,retrieval_plus_reranker
1567.6095220729378,arguana,100,0.06379139613018196,bm25_no_rerank,0.0,0.23092063492063486,100,0.35285641935840645,test,100,0.93,3,5,100,100.0,1567.6095220729378,0.06379139613018196,,0.06379139613018196,retrieval_only
61.843992679109526,arguana,100,1.616971926745915,fp32_reranker_cpu,86.68552494049072,0.23730158730158732,100,0.3599260559385415,test,100,0.93,3,5,100,100.0,61.843992679109526,0.06379139613018196,1.616971926745915,1.680763322876097,retrieval_plus_reranker
82.11524193050535,arguana,100,1.2178007109158935,dynamic_int8_reranker_cpu,55.916077613830566,0.22898015873015873,100,0.3467957726256576,test,100,0.93,3,5,100,100.0,82.11524193050535,0.06379139613018196,1.2178007109158935,1.2815921070460754,retrieval_plus_reranker
1460.3445739843826,arguana,100,0.06847698945952288,bm25_no_rerank,0.0,0.22859126984126976,100,0.3441552995673021,test,100,0.91,4,5,100,100.0,1460.3445739843826,0.06847698945952288,,0.06847698945952288,retrieval_only
61.60570154218513,arguana,100,1.6232263815959305,fp32_reranker_cpu,86.68552494049072,0.2268333333333333,100,0.33834926575187196,test,100,0.91,4,5,100,100.0,61.60570154218513,0.06847698945952288,1.6232263815959305,1.6917033710554534,retrieval_plus_reranker
81.72611371003251,arguana,100,1.2235991100078973,dynamic_int8_reranker_cpu,55.916077613830566,0.226297619047619,100,0.3377804812369885,test,100,0.91,4,5,100,100.0,81.72611371003251,0.06847698945952288,1.2235991100078973,1.2920760994674203,retrieval_plus_reranker
1474.0695020995377,arguana,100,0.06783940638997592,bm25_no_rerank,0.0,0.2146309523809523,100,0.32214710059471324,test,100,0.95,5,5,100,100.0,1474.0695020995377,0.06783940638997592,,0.06783940638997592,retrieval_only
62.02635988603391,arguana,100,1.6122177761799685,fp32_reranker_cpu,86.68552494049072,0.2131031746031746,100,0.3393585156160796,test,100,0.95,5,5,100,100.0,62.02635988603391,0.06783940638997592,1.6122177761799685,1.6800571825699444,retrieval_plus_reranker
82.25106822716663,arguana,100,1.2157896809779194,dynamic_int8_reranker_cpu,55.916077613830566,0.21501587301587294,100,0.3368978346893878,test,100,0.95,5,5,100,100.0,82.25106822716663,0.06783940638997592,1.2157896809779194,1.2836290873678953,retrieval_plus_reranker
