dataset,maximum_candidate_cutoff,seed,method,retrieval_latency_s_per_query,reranker_latency_s_per_query,end_to_end_latency_s_per_query,latency_boundary
scifact,20,1,bm25_no_rerank,0.003011537340044015,,0.003011537340044015,retrieval_only
scifact,20,1,fp32_reranker_cpu,0.003011537340044015,0.3086753738420157,0.3116869111820597,retrieval_plus_reranker
scifact,20,1,dynamic_int8_reranker_cpu,0.003011537340044015,0.23811560047802777,0.24112713781807177,retrieval_plus_reranker
scifact,20,2,bm25_no_rerank,0.00305884342011268,,0.00305884342011268,retrieval_only
scifact,20,2,fp32_reranker_cpu,0.00305884342011268,0.30679746667397195,0.30985631009408465,retrieval_plus_reranker
scifact,20,2,dynamic_int8_reranker_cpu,0.00305884342011268,0.24233977769400009,0.24539862111411276,retrieval_plus_reranker
scifact,20,3,bm25_no_rerank,0.0029267288799383097,,0.0029267288799383097,retrieval_only
scifact,20,3,fp32_reranker_cpu,0.0029267288799383097,0.3142597605119845,0.31718648939192284,retrieval_plus_reranker
scifact,20,3,dynamic_int8_reranker_cpu,0.0029267288799383097,0.2408657652899892,0.24379249416992751,retrieval_plus_reranker
scifact,20,4,bm25_no_rerank,0.0031793358599679776,,0.0031793358599679776,retrieval_only
scifact,20,4,fp32_reranker_cpu,0.0031793358599679776,0.3131127272559934,0.31629206311596136,retrieval_plus_reranker
scifact,20,4,dynamic_int8_reranker_cpu,0.0031793358599679776,0.24011843450598827,0.24329777036595626,retrieval_plus_reranker
scifact,20,5,bm25_no_rerank,0.0030481066700849624,,0.0030481066700849624,retrieval_only
scifact,20,5,fp32_reranker_cpu,0.0030481066700849624,0.3134868666580187,0.3165349733281037,retrieval_plus_reranker
scifact,20,5,dynamic_int8_reranker_cpu,0.0030481066700849624,0.23978402269201615,0.2428321293621011,retrieval_plus_reranker
scifact,50,1,bm25_no_rerank,0.003138269009959913,,0.003138269009959913,retrieval_only
scifact,50,1,fp32_reranker_cpu,0.003138269009959913,0.7938960488079901,0.7970343178179501,retrieval_plus_reranker
scifact,50,1,dynamic_int8_reranker_cpu,0.003138269009959913,0.6255114811620078,0.6286497501719678,retrieval_plus_reranker
scifact,50,2,bm25_no_rerank,0.003129165069949522,,0.003129165069949522,retrieval_only
scifact,50,2,fp32_reranker_cpu,0.003129165069949522,0.8076698932359941,0.8107990583059437,retrieval_plus_reranker
scifact,50,2,dynamic_int8_reranker_cpu,0.003129165069949522,0.6286131923700122,0.6317423574399618,retrieval_plus_reranker
scifact,50,3,bm25_no_rerank,0.0029883654399600348,,0.0029883654399600348,retrieval_only
scifact,50,3,fp32_reranker_cpu,0.0029883654399600348,0.7974450266680105,0.8004333921079706,retrieval_plus_reranker
scifact,50,3,dynamic_int8_reranker_cpu,0.0029883654399600348,0.6189716342200081,0.6219599996599682,retrieval_plus_reranker
scifact,50,4,bm25_no_rerank,0.003185038610081392,,0.003185038610081392,retrieval_only
scifact,50,4,fp32_reranker_cpu,0.003185038610081392,0.8085530901999664,0.8117381288100477,retrieval_plus_reranker
scifact,50,4,dynamic_int8_reranker_cpu,0.003185038610081392,0.6180932547180237,0.621278293328105,retrieval_plus_reranker
scifact,50,5,bm25_no_rerank,0.0030640400598349517,,0.0030640400598349517,retrieval_only
scifact,50,5,fp32_reranker_cpu,0.0030640400598349517,0.7954962310440024,0.7985602711038373,retrieval_plus_reranker
scifact,50,5,dynamic_int8_reranker_cpu,0.0030640400598349517,0.611861657068006,0.614925697127841,retrieval_plus_reranker
scifact,100,1,bm25_no_rerank,0.003090457930138655,,0.003090457930138655,retrieval_only
scifact,100,1,fp32_reranker_cpu,0.003090457930138655,1.852946673248025,1.8560371311781638,retrieval_plus_reranker
scifact,100,1,dynamic_int8_reranker_cpu,0.003090457930138655,1.426064229533975,1.4291546874641137,retrieval_plus_reranker
scifact,100,2,bm25_no_rerank,0.003228221960016526,,0.003228221960016526,retrieval_only
scifact,100,2,fp32_reranker_cpu,0.003228221960016526,1.9608147950240236,1.9640430169840402,retrieval_plus_reranker
scifact,100,2,dynamic_int8_reranker_cpu,0.003228221960016526,1.4729439257439807,1.4761721477039973,retrieval_plus_reranker
scifact,100,3,bm25_no_rerank,0.0033082918200670972,,0.0033082918200670972,retrieval_only
scifact,100,3,fp32_reranker_cpu,0.0033082918200670972,1.822051151648062,1.825359443468129,retrieval_plus_reranker
scifact,100,3,dynamic_int8_reranker_cpu,0.0033082918200670972,1.32371864902199,1.3270269408420572,retrieval_plus_reranker
scifact,100,4,bm25_no_rerank,0.0035071560996584594,,0.0035071560996584594,retrieval_only
scifact,100,4,fp32_reranker_cpu,0.0035071560996584594,1.738814712270083,1.7423218683697415,retrieval_plus_reranker
scifact,100,4,dynamic_int8_reranker_cpu,0.0035071560996584594,1.4927047996559704,1.4962119557556288,retrieval_plus_reranker
scifact,100,5,bm25_no_rerank,0.0039656753199597,,0.0039656753199597,retrieval_only
scifact,100,5,fp32_reranker_cpu,0.0039656753199597,1.9614610843439733,1.965426759663933,retrieval_plus_reranker
scifact,100,5,dynamic_int8_reranker_cpu,0.0039656753199597,1.3799116910040612,1.383877366324021,retrieval_plus_reranker
nfcorpus,20,1,bm25_no_rerank,0.0005954939301591367,,0.0005954939301591367,retrieval_only
nfcorpus,20,1,fp32_reranker_cpu,0.0005954939301591367,0.26011569539995255,0.26071118933011167,retrieval_plus_reranker
nfcorpus,20,1,dynamic_int8_reranker_cpu,0.0005954939301591367,0.20226373077204335,0.2028592247022025,retrieval_plus_reranker
nfcorpus,20,2,bm25_no_rerank,0.0006231124801342958,,0.0006231124801342958,retrieval_only
nfcorpus,20,2,fp32_reranker_cpu,0.0006231124801342958,0.25868336677598563,0.25930647925611994,retrieval_plus_reranker
nfcorpus,20,2,dynamic_int8_reranker_cpu,0.0006231124801342958,0.204706275852026,0.2053293883321603,retrieval_plus_reranker
nfcorpus,20,3,bm25_no_rerank,0.0006333618500866578,,0.0006333618500866578,retrieval_only
nfcorpus,20,3,fp32_reranker_cpu,0.0006333618500866578,0.25495110913594543,0.2555844709860321,retrieval_plus_reranker
nfcorpus,20,3,dynamic_int8_reranker_cpu,0.0006333618500866578,0.20143690271409287,0.20207026456417954,retrieval_plus_reranker
nfcorpus,20,4,bm25_no_rerank,0.0005599134601652622,,0.0005599134601652622,retrieval_only
nfcorpus,20,4,fp32_reranker_cpu,0.0005599134601652622,0.25838551126200765,0.2589454247221729,retrieval_plus_reranker
nfcorpus,20,4,dynamic_int8_reranker_cpu,0.0005599134601652622,0.20574026137399778,0.20630017483416305,retrieval_plus_reranker
nfcorpus,20,5,bm25_no_rerank,0.0006416410699966946,,0.0006416410699966946,retrieval_only
nfcorpus,20,5,fp32_reranker_cpu,0.0006416410699966946,0.2571491446240252,0.2577907856940219,retrieval_plus_reranker
nfcorpus,20,5,dynamic_int8_reranker_cpu,0.0006416410699966946,0.20243249216597906,0.20307413323597576,retrieval_plus_reranker
nfcorpus,50,1,bm25_no_rerank,0.0006070869803807,,0.0006070869803807,retrieval_only
nfcorpus,50,1,fp32_reranker_cpu,0.0006070869803807,0.598782699828007,0.5993897868083877,retrieval_plus_reranker
nfcorpus,50,1,dynamic_int8_reranker_cpu,0.0006070869803807,0.48084594950804604,0.48145303648842674,retrieval_plus_reranker
nfcorpus,50,2,bm25_no_rerank,0.0006426890699003706,,0.0006426890699003706,retrieval_only
nfcorpus,50,2,fp32_reranker_cpu,0.0006426890699003706,0.6228678234079998,0.6235105124779002,retrieval_plus_reranker
nfcorpus,50,2,dynamic_int8_reranker_cpu,0.0006426890699003706,0.49136052853598083,0.4920032176058812,retrieval_plus_reranker
nfcorpus,50,3,bm25_no_rerank,0.0006204314698334202,,0.0006204314698334202,retrieval_only
nfcorpus,50,3,fp32_reranker_cpu,0.0006204314698334202,0.5789772397919878,0.5795976712618212,retrieval_plus_reranker
nfcorpus,50,3,dynamic_int8_reranker_cpu,0.0006204314698334202,0.4688367469419973,0.4694571784118307,retrieval_plus_reranker
nfcorpus,50,4,bm25_no_rerank,0.0005629225599841448,,0.0005629225599841448,retrieval_only
nfcorpus,50,4,fp32_reranker_cpu,0.0005629225599841448,0.6144647668120233,0.6150276893720075,retrieval_plus_reranker
nfcorpus,50,4,dynamic_int8_reranker_cpu,0.0005629225599841448,0.4861158523900158,0.48667877494999995,retrieval_plus_reranker
nfcorpus,50,5,bm25_no_rerank,0.0006704643200646387,,0.0006704643200646387,retrieval_only
nfcorpus,50,5,fp32_reranker_cpu,0.0006704643200646387,0.5919226680480205,0.5925931323680852,retrieval_plus_reranker
nfcorpus,50,5,dynamic_int8_reranker_cpu,0.0006704643200646387,0.4669240400540075,0.46759450437407213,retrieval_plus_reranker
nfcorpus,100,1,bm25_no_rerank,0.0006075013203371782,,0.0006075013203371782,retrieval_only
nfcorpus,100,1,fp32_reranker_cpu,0.0006075013203371782,1.0998803205499934,1.1004878218703307,retrieval_plus_reranker
nfcorpus,100,1,dynamic_int8_reranker_cpu,0.0006075013203371782,0.8705178982319921,0.8711253995523293,retrieval_plus_reranker
nfcorpus,100,2,bm25_no_rerank,0.0006398955202166689,,0.0006398955202166689,retrieval_only
nfcorpus,100,2,fp32_reranker_cpu,0.0006398955202166689,1.129987358003993,1.1306272535242097,retrieval_plus_reranker
nfcorpus,100,2,dynamic_int8_reranker_cpu,0.0006398955202166689,0.9069223906039915,0.9075622861242082,retrieval_plus_reranker
nfcorpus,100,3,bm25_no_rerank,0.0006331470699296915,,0.0006331470699296915,retrieval_only
nfcorpus,100,3,fp32_reranker_cpu,0.0006331470699296915,1.0444224881839692,1.0450556352538989,retrieval_plus_reranker
nfcorpus,100,3,dynamic_int8_reranker_cpu,0.0006331470699296915,0.8299969309640073,0.830630078033937,retrieval_plus_reranker
nfcorpus,100,4,bm25_no_rerank,0.0005546182197940652,,0.0005546182197940652,retrieval_only
nfcorpus,100,4,fp32_reranker_cpu,0.0005546182197940652,1.1245015140519607,1.1250561322717547,retrieval_plus_reranker
nfcorpus,100,4,dynamic_int8_reranker_cpu,0.0005546182197940652,0.9014422174959691,0.9019968357157632,retrieval_plus_reranker
nfcorpus,100,5,bm25_no_rerank,0.0006718870898112072,,0.0006718870898112072,retrieval_only
nfcorpus,100,5,fp32_reranker_cpu,0.0006718870898112072,1.108080350741955,1.1087522378317662,retrieval_plus_reranker
nfcorpus,100,5,dynamic_int8_reranker_cpu,0.0006718870898112072,0.904114798182025,0.9047866852718363,retrieval_plus_reranker
fiqa,20,1,bm25_no_rerank,0.04471393997988343,,0.04471393997988343,retrieval_only
fiqa,20,1,fp32_reranker_cpu,0.04471393997988343,0.3290869684779755,0.3738009084578589,retrieval_plus_reranker
fiqa,20,1,dynamic_int8_reranker_cpu,0.04471393997988343,0.24656449069394148,0.2912784306738249,retrieval_plus_reranker
fiqa,20,2,bm25_no_rerank,0.04415499009995983,,0.04415499009995983,retrieval_only
fiqa,20,2,fp32_reranker_cpu,0.04415499009995983,0.331040772235996,0.3751957623359558,retrieval_plus_reranker
fiqa,20,2,dynamic_int8_reranker_cpu,0.04415499009995983,0.2456593300079985,0.2898143201079583,retrieval_plus_reranker
fiqa,20,3,bm25_no_rerank,0.048489522189702254,,0.048489522189702254,retrieval_only
fiqa,20,3,fp32_reranker_cpu,0.048489522189702254,0.32237183778397593,0.3708613599736782,retrieval_plus_reranker
fiqa,20,3,dynamic_int8_reranker_cpu,0.048489522189702254,0.2508628811540111,0.2993524033437134,retrieval_plus_reranker
fiqa,20,4,bm25_no_rerank,0.046153574580130224,,0.046153574580130224,retrieval_only
fiqa,20,4,fp32_reranker_cpu,0.046153574580130224,0.32377941960401224,0.3699329941841425,retrieval_plus_reranker
fiqa,20,4,dynamic_int8_reranker_cpu,0.046153574580130224,0.2506988450939971,0.29685241967412734,retrieval_plus_reranker
fiqa,20,5,bm25_no_rerank,0.044203719579854805,,0.044203719579854805,retrieval_only
fiqa,20,5,fp32_reranker_cpu,0.044203719579854805,0.3180058370360639,0.3622095566159187,retrieval_plus_reranker
fiqa,20,5,dynamic_int8_reranker_cpu,0.044203719579854805,0.2479845699739162,0.292188289553771,retrieval_plus_reranker
fiqa,50,1,bm25_no_rerank,0.04481575918995077,,0.04481575918995077,retrieval_only
fiqa,50,1,fp32_reranker_cpu,0.04481575918995077,0.8257366703300213,0.870552429519972,retrieval_plus_reranker
fiqa,50,1,dynamic_int8_reranker_cpu,0.04481575918995077,0.6361684539959097,0.6809842131858604,retrieval_plus_reranker
fiqa,50,2,bm25_no_rerank,0.04546068662937614,,0.04546068662937614,retrieval_only
fiqa,50,2,fp32_reranker_cpu,0.04546068662937614,0.8011671010641003,0.8466277876934765,retrieval_plus_reranker
fiqa,50,2,dynamic_int8_reranker_cpu,0.04546068662937614,0.643428980166078,0.6888896667954542,retrieval_plus_reranker
fiqa,50,3,bm25_no_rerank,0.048201955720360276,,0.048201955720360276,retrieval_only
fiqa,50,3,fp32_reranker_cpu,0.048201955720360276,0.8009085664400772,0.8491105221604375,retrieval_plus_reranker
fiqa,50,3,dynamic_int8_reranker_cpu,0.048201955720360276,0.6452189675820118,0.693420923302372,retrieval_plus_reranker
fiqa,50,4,bm25_no_rerank,0.04617065438025748,,0.04617065438025748,retrieval_only
fiqa,50,4,fp32_reranker_cpu,0.04617065438025748,0.8015698213658762,0.8477404757461336,retrieval_plus_reranker
fiqa,50,4,dynamic_int8_reranker_cpu,0.04617065438025748,0.6520094995540275,0.698180153934285,retrieval_plus_reranker
fiqa,50,5,bm25_no_rerank,0.04440644844995404,,0.04440644844995404,retrieval_only
fiqa,50,5,fp32_reranker_cpu,0.04440644844995404,0.7917930114080082,0.8361994598579622,retrieval_plus_reranker
fiqa,50,5,dynamic_int8_reranker_cpu,0.04440644844995404,0.6459532899260084,0.6903597383759624,retrieval_plus_reranker
fiqa,100,1,bm25_no_rerank,0.04490145765063062,,0.04490145765063062,retrieval_only
fiqa,100,1,fp32_reranker_cpu,0.04490145765063062,1.604102659769982,1.6490041174206125,retrieval_plus_reranker
fiqa,100,1,dynamic_int8_reranker_cpu,0.04490145765063062,1.3110371300760453,1.3559385877266759,retrieval_plus_reranker
fiqa,100,2,bm25_no_rerank,0.04403794828016544,,0.04403794828016544,retrieval_only
fiqa,100,2,fp32_reranker_cpu,0.04403794828016544,1.6016446301140532,1.6456825783942186,retrieval_plus_reranker
fiqa,100,2,dynamic_int8_reranker_cpu,0.04403794828016544,1.3052621332939307,1.349300081574096,retrieval_plus_reranker
fiqa,100,3,bm25_no_rerank,0.04790182997981901,,0.04790182997981901,retrieval_only
fiqa,100,3,fp32_reranker_cpu,0.04790182997981901,1.6330481068739027,1.6809499368537217,retrieval_plus_reranker
fiqa,100,3,dynamic_int8_reranker_cpu,0.04790182997981901,1.2847538085920387,1.3326556385718578,retrieval_plus_reranker
fiqa,100,4,bm25_no_rerank,0.046017569949835885,,0.046017569949835885,retrieval_only
fiqa,100,4,fp32_reranker_cpu,0.046017569949835885,1.5702488936139853,1.6162664635638213,retrieval_plus_reranker
fiqa,100,4,dynamic_int8_reranker_cpu,0.046017569949835885,1.2813995799598925,1.3274171499097285,retrieval_plus_reranker
fiqa,100,5,bm25_no_rerank,0.04375834261038108,,0.04375834261038108,retrieval_only
fiqa,100,5,fp32_reranker_cpu,0.04375834261038108,1.6185873484479962,1.6623456910583774,retrieval_plus_reranker
fiqa,100,5,dynamic_int8_reranker_cpu,0.04375834261038108,1.3236143935559812,1.3673727361663623,retrieval_plus_reranker
arguana,20,1,bm25_no_rerank,0.06348377747031918,,0.06348377747031918,retrieval_only
arguana,20,1,fp32_reranker_cpu,0.06348377747031918,0.32775735646398974,0.3912411339343089,retrieval_plus_reranker
arguana,20,1,dynamic_int8_reranker_cpu,0.06348377747031918,0.24659324126204593,0.3100770187323651,retrieval_plus_reranker
arguana,20,2,bm25_no_rerank,0.06849724585008517,,0.06849724585008517,retrieval_only
arguana,20,2,fp32_reranker_cpu,0.06849724585008517,0.32843935401004276,0.3969365998601279,retrieval_plus_reranker
arguana,20,2,dynamic_int8_reranker_cpu,0.06849724585008517,0.2466306954480533,0.3151279412981385,retrieval_plus_reranker
arguana,20,3,bm25_no_rerank,0.063606335259974,,0.063606335259974,retrieval_only
arguana,20,3,fp32_reranker_cpu,0.063606335259974,0.3249822908280621,0.3885886260880361,retrieval_plus_reranker
arguana,20,3,dynamic_int8_reranker_cpu,0.063606335259974,0.24613863434200176,0.30974496960197573,retrieval_plus_reranker
arguana,20,4,bm25_no_rerank,0.06770640839000407,,0.06770640839000407,retrieval_only
arguana,20,4,fp32_reranker_cpu,0.06770640839000407,0.32689643669407814,0.3946028450840822,retrieval_plus_reranker
arguana,20,4,dynamic_int8_reranker_cpu,0.06770640839000407,0.24731164005203754,0.3150180484420416,retrieval_plus_reranker
arguana,20,5,bm25_no_rerank,0.06757275868985743,,0.06757275868985743,retrieval_only
arguana,20,5,fp32_reranker_cpu,0.06757275868985743,0.3285622824879683,0.3961350411778257,retrieval_plus_reranker
arguana,20,5,dynamic_int8_reranker_cpu,0.06757275868985743,0.2458778260340623,0.31345058472391973,retrieval_plus_reranker
arguana,50,1,bm25_no_rerank,0.06331078379967948,,0.06331078379967948,retrieval_only
arguana,50,1,fp32_reranker_cpu,0.06331078379967948,0.8183759374879446,0.881686721287624,retrieval_plus_reranker
arguana,50,1,dynamic_int8_reranker_cpu,0.06331078379967948,0.6126712861719424,0.6759820699716219,retrieval_plus_reranker
arguana,50,2,bm25_no_rerank,0.06932331044961756,,0.06932331044961756,retrieval_only
arguana,50,2,fp32_reranker_cpu,0.06932331044961756,0.8134095030019671,0.8827328134515847,retrieval_plus_reranker
arguana,50,2,dynamic_int8_reranker_cpu,0.06932331044961756,0.6119069971140416,0.6812303075636592,retrieval_plus_reranker
arguana,50,3,bm25_no_rerank,0.0637640986002225,,0.0637640986002225,retrieval_only
arguana,50,3,fp32_reranker_cpu,0.0637640986002225,0.8108759368140309,0.8746400354142534,retrieval_plus_reranker
arguana,50,3,dynamic_int8_reranker_cpu,0.0637640986002225,0.609101975690035,0.6728660742902575,retrieval_plus_reranker
arguana,50,4,bm25_no_rerank,0.0682863334401918,,0.0682863334401918,retrieval_only
arguana,50,4,fp32_reranker_cpu,0.0682863334401918,0.8151735246520693,0.883459858092261,retrieval_plus_reranker
arguana,50,4,dynamic_int8_reranker_cpu,0.0682863334401918,0.6142428631879884,0.6825291966281801,retrieval_plus_reranker
arguana,50,5,bm25_no_rerank,0.06673938729996735,,0.06673938729996735,retrieval_only
arguana,50,5,fp32_reranker_cpu,0.06673938729996735,0.8155301416379953,0.8822695289379626,retrieval_plus_reranker
arguana,50,5,dynamic_int8_reranker_cpu,0.06673938729996735,0.6125695590558171,0.6793089463557844,retrieval_plus_reranker
arguana,100,1,bm25_no_rerank,0.06411169414030155,,0.06411169414030155,retrieval_only
arguana,100,1,fp32_reranker_cpu,0.06411169414030155,1.6243393324799253,1.6884510266202268,retrieval_plus_reranker
arguana,100,1,dynamic_int8_reranker_cpu,0.06411169414030155,1.2184231767460878,1.2825348708863893,retrieval_plus_reranker
arguana,100,2,bm25_no_rerank,0.06845625047018984,,0.06845625047018984,retrieval_only
arguana,100,2,fp32_reranker_cpu,0.06845625047018984,1.6159507111759595,1.6844069616461492,retrieval_plus_reranker
arguana,100,2,dynamic_int8_reranker_cpu,0.06845625047018984,1.2126276236339617,1.2810838741041515,retrieval_plus_reranker
arguana,100,3,bm25_no_rerank,0.06379139613018196,,0.06379139613018196,retrieval_only
arguana,100,3,fp32_reranker_cpu,0.06379139613018196,1.616971926745915,1.680763322876097,retrieval_plus_reranker
arguana,100,3,dynamic_int8_reranker_cpu,0.06379139613018196,1.2178007109158935,1.2815921070460754,retrieval_plus_reranker
arguana,100,4,bm25_no_rerank,0.06847698945952288,,0.06847698945952288,retrieval_only
arguana,100,4,fp32_reranker_cpu,0.06847698945952288,1.6232263815959305,1.6917033710554534,retrieval_plus_reranker
arguana,100,4,dynamic_int8_reranker_cpu,0.06847698945952288,1.2235991100078973,1.2920760994674203,retrieval_plus_reranker
arguana,100,5,bm25_no_rerank,0.06783940638997592,,0.06783940638997592,retrieval_only
arguana,100,5,fp32_reranker_cpu,0.06783940638997592,1.6122177761799685,1.6800571825699444,retrieval_plus_reranker
arguana,100,5,dynamic_int8_reranker_cpu,0.06783940638997592,1.2157896809779194,1.2836290873678953,retrieval_plus_reranker
