dataset,depth,int8_latency_ratio,int8_minus_fp32_mrr@10,int8_minus_fp32_ndcg@10,int8_minus_fp32_recall@100,int8_model_size_ratio,seed
arguana,20,0.7523652372670354,-0.0036071428571428643,-0.00493755424916098,0.0,0.6450451520275933,1
arguana,20,0.7509170032057486,-0.006075396825396845,-0.00728940184612642,0.0,0.6450451520275933,2
arguana,20,0.7573909141782311,-0.013067460317460311,-0.0195351334833061,0.0,0.6450451520275933,3
arguana,20,0.7565443127894386,2.7777777777654444e-05,-0.002293607229005512,0.0,0.6450451520275933,4
arguana,20,0.7483446492159859,-0.0009444444444444144,-0.005085373977662011,0.0,0.6450451520275933,5
arguana,50,0.7486428401751092,0.0011944444444444702,0.001273116330287094,0.0,0.6450451520275933,1
arguana,50,0.7522742171756528,-0.007226190476190442,-0.010236659259416747,0.0,0.6450451520275933,2
arguana,50,0.7511654348545905,-0.008619047619047637,-0.015491589716933485,0.0,0.6450451520275933,3
arguana,50,0.7535117917993697,-0.0005714285714286116,-0.000626436762838245,0.0,0.6450451520275933,4
arguana,50,0.7511304950979113,0.0008730158730159698,-0.005457774827422934,0.0,0.6450451520275933,5
arguana,100,0.7501038436875663,0.0023055555555555884,0.00418201149453723,0.0,0.6450451520275933,1
arguana,100,0.7504112688879653,-0.005797619047618968,-0.009074652414354067,0.0,0.6450451520275933,2
arguana,100,0.753136582504969,-0.00832142857142859,-0.013130283312883906,0.0,0.6450451520275933,3
arguana,100,0.7538068157842988,-0.000535714285714306,-0.000568784514883458,0.0,0.6450451520275933,4
arguana,100,0.7541100829806279,0.0019126984126983382,-0.0024606809266918273,0.0,0.6450451520275933,5
fiqa,20,0.7492380869236489,-0.007055555555555593,-0.0032534090702068807,0.0,0.6450451520275933,1
fiqa,20,0.7420817935769862,-0.008626984126984039,-0.002225673034162323,0.0,0.6450451520275933,2
fiqa,20,0.7781786488499546,-0.011805555555555458,-0.0051973390249523965,0.0,0.6450451520275933,3
fiqa,20,0.7742890063877625,-0.0016666666666667052,0.002441432498408558,0.0,0.6450451520275933,4
fiqa,20,0.7798113779458494,0.0038333333333332997,0.0024301453558949193,0.0,0.6450451520275933,5
fiqa,50,0.7704253387967533,-0.015027777777777696,-0.009983791586557378,0.0,0.6450451520275933,1
fiqa,50,0.8031145803559376,-0.01742857142857157,-0.009517288512783606,0.0,0.6450451520275933,2
fiqa,50,0.8056087731086669,-0.024027777777777815,-0.011934292512697453,0.0,0.6450451520275933,3
fiqa,50,0.8134157277066674,-0.001880952380952372,0.00048029303721702776,0.0,0.6450451520275933,4
fiqa,50,0.8158107998166594,-0.021190476190476204,-0.011337963656888661,0.0,0.6450451520275933,5
fiqa,100,0.8173025099678094,-0.009567460317460252,-0.003661489810486751,0.0,0.6450451520275933,1
fiqa,100,0.8149511500569155,-0.019218253968253995,-0.008774186234764836,0.0,0.6450451520275933,2
fiqa,100,0.7867213483694648,-0.01899999999999996,-0.010656982606887688,0.0,0.6450451520275933,3
fiqa,100,0.8160487074190541,0.0001428571428572778,-0.00014045598255313374,0.0,0.6450451520275933,4
fiqa,100,0.8177590136393604,-0.015222222222222137,-0.007562703540313409,0.0,0.6450451520275933,5
nfcorpus,20,0.7775914116256756,-0.009956349206349246,-0.008255574515464215,0.0,0.6450451520275933,1
nfcorpus,20,0.7913391510374818,-0.012289682539682656,-0.005236314305121892,0.0,0.6450451520275933,2
nfcorpus,20,0.7901001231051024,-0.0004444444444443585,-0.0017554085439853706,0.0,0.6450451520275933,3
nfcorpus,20,0.7962530885308556,-0.010499999999999954,-0.004598046683237045,0.0,0.6450451520275933,4
nfcorpus,20,0.7872182210131528,-0.014944444444444427,-0.006314195091881636,0.0,0.6450451520275933,5
nfcorpus,50,0.8030391486697314,-0.003738095238095096,-0.0044360543336470215,0.0,0.6450451520275933,1
nfcorpus,50,0.788868055260133,-0.008039682539682569,-0.003034713787099408,0.0,0.6450451520275933,2
nfcorpus,50,0.8097671457870067,0.0016230158730159427,0.0008570909450800746,0.0,0.6450451520275933,3
nfcorpus,50,0.7911207910456615,-0.002289682539682536,0.0008478057013050488,0.0,0.6450451520275933,4
nfcorpus,50,0.7888260836399117,-0.008873015873015921,-0.002212551475773039,0.0,0.6450451520275933,5
nfcorpus,100,0.7914660185907236,0.004123015873015778,-0.003284177779581454,0.0,0.6450451520275933,1
nfcorpus,100,0.8025951654945743,-0.006611111111111123,-0.0031466888689113404,0.0,0.6450451520275933,2
nfcorpus,100,0.7946946186568591,0.006261904761904802,0.0014738232336377055,0.0,0.6450451520275933,3
nfcorpus,100,0.8016371754340879,-0.007138888888888917,-0.0006630280252931664,0.0,0.6450451520275933,4
nfcorpus,100,0.8159289148811658,-0.009444444444444478,-0.002270451361237047,0.0,0.6450451520275933,5
scifact,20,0.7714110701940823,0.0021706349206347397,0.0012566971837597585,0.0,0.6450451520275933,1
scifact,20,0.7899014953455601,-0.0039007936507936547,-0.0024682375382256705,0.0,0.6450451520275933,2
scifact,20,0.7664543653236942,-0.0017341269841271156,-0.003753617366732409,0.0,0.6450451520275933,3
scifact,20,0.7668753570329105,0.01622222222222236,0.013695553615760692,0.0,0.6450451520275933,4
scifact,20,0.7648933598025188,0.0001666666666666483,0.00012712817174898028,0.0,0.6450451520275933,5
scifact,50,0.7879009879205138,0.002571428571428669,0.0015520192631229834,0.0,0.6450451520275933,1
scifact,50,0.7783045989883604,-0.0037063492063490466,0.0006283814500938067,0.0,0.6450451520275933,2
scifact,50,0.7761934848428068,-0.00011111111111106187,0.0005007319223725437,0.0,0.6450451520275933,3
scifact,50,0.7644436243081585,0.010000000000000009,0.006874899501374432,0.0,0.6450451520275933,4
scifact,50,0.7691572042585344,0.0007261904761903804,0.0016462783191268926,0.0,0.6450451520275933,5
scifact,100,0.769619682057137,0.0016150793650794304,-0.0012719978523565434,0.0,0.6450451520275933,1
scifact,100,0.7511897245379232,-0.006111111111111067,-0.005420670406401484,0.0,0.6450451520275933,2
scifact,100,0.7264991698090772,-0.0013333333333336306,-0.0024539604708718743,0.0,0.6450451520275933,3
scifact,100,0.8584611052129829,0.007999999999999896,0.005454418430493657,0.0,0.6450451520275933,4
scifact,100,0.7035121430744999,0.00021031746031741072,0.0011150579198171418,0.0,0.6450451520275933,5
